도서명	저자	출판사	출판일	가격
바로바로 클로드 with 코워크, 스킬, 클로드 코드, 디자인	차진우	골든래빗	2026년 05월	25,200
혼자 공부하는 바이브 코딩 with 클로드 코드	조태호	한빛미디어	2025년 12월	27,000
뚝딱 바로 써먹는 AI 3대장 챗GPT · 제미나이 · 클로드	코리아교육그룹 연구소	안경다리BOOKS	2026년 06월	19,800
이게 되네? 제미나이 완전 미친 활용법 81제	오힘찬	골든래빗	2026년 02월	21,600
요즘 교사를 위한 에듀테크 5대장 : 캔바, 패들렛, 북크리에이터, 노션, 챗GPT∙제미나이	안익재, 황의태	앤써북	2025년 12월	17,820
AI 시대의 질문력, 프롬프트 엔지니어링	류한석	코리아닷컴(Korea.com)	2025년 08월	24,300
돈이 되네? 취미 그림이 전 세계로 팔리는 스톡 이미지 [홍차의 커스텀 브러시 제공＋승인율 가이드 전자책 제공]	스튜디오 홍차	골든래빗	2026년 07월	23,220
하네스 엔지니어링 with 클로드 코드	황민호	한빛미디어	2026년 06월	27,000
한눈에 보는 AI 반도체 산업	MrTrigger	한빛미디어	2026년 03월	23,400
요즘 교사를 위한 AI 바이브 코딩 활용 가이드 with 2022 개정 교육과정	공지훈, 곽수창, 박준효	한빛미디어	2026년 05월	19,800
클로드 코드로 시작하는 실전 에이전틱 코딩	Goos Kim	더 타이즈	2026년 05월	29,700
챗GPT · 제미나이 · 클로드까지 모두를 위한 AI	지현이	시프트	2026년 07월	19,800
바쁜 교사를 위한 바로 쓰는 AI	전소영, 이태화, 조두연	사회평론아카데미	2026년 04월	21,600
현직 영어 쌤들의 바로 통하는 영어 수업 루틴 찐 실전 ChatGPT (생성형 AI (에듀테크) 영어 수업 루틴 활용하기!)	권수정, 장은정, 이민화, 강미나, 유지민	광문각출판미디어	2026년 07월	19,000
요즘 교사를 위한 AI 수업 활용 가이드 with 2022 개정 교육과정	박진환, 공지훈, 서원진	한빛미디어	2025년 05월	18,000
진짜 쓰는 실무 엑셀	전진권	제이펍	2022년 02월	18,900
일 잘하는 직장인의 AI 활용법	김덕중, 김민정, 김인선	디지털북스	2026년 05월	19,800
된다! 캡컷 영상 편집	지민이	이지스퍼블리싱	2026년 05월	19,800
조코딩의 바이브 코딩 1인 창업 with 클로드 코드, 수파베이스, 스트라이프	조동근	한빛미디어	2026년 05월	27,000
Do it! 점프 투 파이썬	박응용	이지스퍼블리싱	2023년 06월	19,800
교사를 위한 AI 에듀테크 수업·생활·업무 대백과	송해남, 한의표, 김은서, 박수임, 김혜진, 정보 더 보기/감추기, 송해남, 한의표, 김은서, 박수임, 김혜진, 유영재	프리렉	2026년 05월	24,300
클로드 코드 마스터	이남희, 백승현	한빛미디어	2026년 04월	32,400
된다! 하루 만에 끝내는 제미나이 활용법	권서림	이지스퍼블리싱	2025년 11월	18,000
3줄의 글로 수익을 만드는 스레드 운영법	이동영	한빛미디어	2025년 10월	18,000
클로드 올인원 with 코워크, 코드, 디자인	클리커, 강민혁	한빛미디어	2026년 06월	28,800
혼자 공부하는 파이썬	윤인성	한빛미디어	2022년 06월	19,800
UX의 언어들	한성희, 신행철	파지트	2026년 07월	15,300
슈퍼휴먼 슈퍼워크	유호현, 김진실	골든래빗	2026년 03월	21,600
피지컬 AI 시스템 설계	엥지유니버스	한빛미디어	2026년 06월	27,000
바이브 코더를 위한 최소한의 AI/IT 지식	클리커, 이희영	한빛미디어	2026년 04월	19,800
교사와 학부모를 위한 바이브 코딩	황건호, 신종환, 김형규, 김명휘	씨마스21	2026년 07월	24,300
지적 대화를 위한 AI 언어 수업	강수진	어웨이크(AWAKE)	2026년 05월	18,000
바로바로 제미나이 X 구글 AI	공냥이	골든래빗	2026년 06월	21,600
요즘 교사를 위한 에듀테크 수업 활용 가이드 with 2022 개정 교육과정	박진환, 서원진, 박권	한빛미디어	2026년 04월	21,600
클로드 코워크 with 스킬, 플러그인	클리커, 강민혁	한빛미디어	2026년 03월	23,400
요즘 교사를 위한 구글 AI 3대장_제미나이, 노트북LM, AI 스튜디오	송명신, 최연준, 최수진, 양서현	앤써북	2026년 06월	15,930
학교에서 바로 쓰는 제미나이 & 노트북LM	손성호, 김민, 김상백, 송유미, 박권, 정보 더 보기/감추기, 손성호, 김민, 김상백, 송유미, 박권, 최동욱	학교도서관저널	2026년 04월	17,100
세컨드 브레인은 옵시디언 with 클로드 코드	시안	골든래빗	2026년 04월	23,750
요즘 바이브 코딩 코덱스 완벽 가이드	윤재원	골든래빗	2026년 02월	25,200
구글 시트로 스마트한 학교 만들기 : 교사를 위한 스프레드시트 활용 가이드	지미정, 장성진, 유병선	앤써북	2025년 04월	21,960
AI가 두려운 당신에게	배경훈, 과학기술정보통신부	한빛미디어	2026년 07월	16,020
딥 유토피아	닉 보스트롬, 김의석	까치(까치글방)	2026년 05월	25,200
요즘 교사를 위한 AI×에듀테크 가이드 음악&미술 수업 편 with 2022 개정 교육과정	김태선, 조민의	한빛미디어	2026년 06월	18,900
Do it! AI 시대에 살아남는 프런트엔드 면접의 기술	정희	이지스퍼블리싱	2026년 06월	32,400
중국 AI 미래 지도	임선영, 정진호	책만	2026년 06월	24,300
AI 시대에 개발자가 알아야 할 인프라 구성 배포 with 클로드 코드	조훈	길벗	2026년 06월	21,600
원하는 대로 튜닝하는 나만의 sLLM	오지영	길벗	2026년 07월	30,600
돈이 되네? 주문과 매출이 동시에 터지는 스마트스토어+쿠팡 [AI 실전 활용, 2026년 정책 반영]	김경은(단아쌤)	골든래빗	2026년 07월	23,220
제미나이 교사 마스터 플랜 (2026년 최신판)	한민철	책바세	2026년 04월	27,000
된다! 조회수 터지는 유튜브 쇼츠 만들기	최지영	이지스퍼블리싱	2025년 04월	19,800
한 권으로 끝내는 제미나이 재테크	조성호	한빛미디어	2026년 07월	18,900
딸깍! 나의 업무 비서 클로드 with 엑셀, 파워포인트	LearnAI Team	위키북스	2026년 07월	23,400
누구나 쉽게 AI 작사 & 작곡 with 생성형 인공지능, 챗GPT, 수노, 유디오	현병욱(오땡큐), 신수진	시프트	2025년 09월	18,000
AI 2041	리카이푸, 천치우판, 이현	한빛비즈	2023년 01월	26,820
이게 되네? AI 실무 올인원 미친 활용법 71제	이석현	골든래빗	2026년 07월	23,400
이게 되네? 캔바 AI 미친 활용법 47제	이지쌤(이지훈)	골든래빗	2026년 05월	21,600
슬기로운 교사 생활 캔바 AI 수업 활용법	미나리쌤	골든래빗	2026년 07월	21,420
된다! 하루 만에 끝내는 챗GPT 활용법	프롬프트 크리에이터	이지스퍼블리싱	2025년 06월	18,000
리더의 AI 노트	김지현	한빛미디어	2026년 06월	21,600
90% 교사가 모르는 내 컴퓨터 숨겨진 꿀기능 40제	최우진	앤써북	2026년 07월	15,930
회사는 엑셀을 가르쳐주지 않아요	쏘피(박성희)	메가스터디북스	2022년 09월	16,200
검색은 끝났다 AEO·GEO 마케팅	주민건, 한용희, 김진용	골든래빗	2026년 06월	21,600
다시, 소프트웨어 엔지니어	네서니얼 슈타, 댄 베가, 박성철	책만	2026년 05월	27,000
AI 리터러시 플러스+: 인공지능 기본부터 도구 선택, 조합, 실전 활용까지	김용성	프리렉	2026년 04월	22,500
혼자 공부하는 머신러닝+딥러닝	박해선	한빛미디어	2025년 04월	28,800
수업에 바로 쓰는 일잘러 선생님의 캔바 Canva 활용법	황은지	제이펍	2026년 05월	19,800
된다! 하루 만에 준비하는 AI 학교 수업 활용법	정인걸, 김경수	이지스퍼블리싱	2025년 03월	17,820
혼자 공부하는 C 언어	서현우	한빛미디어	2023년 05월	23,400
밑바닥부터 따라하면서 배우는 클로드 코드 완전 정복	엄태효	위키북스	2026년 06월	25,200
클로드 코워크	신승희	생능북스	2026년 06월	21,600
아키텍처는 진화한다	공상휘	인사이트(insight)	2026년 07월	25,200
AI시대에 난생처음 들어보는 데이터센터 이야기	김주회	북플레이트	2026년 04월	19,800
진짜 쓰는 프리미어 영상 편집 2026 (최신개정판)	조블리	제이펍	2026년 06월	23,400
요즘 교사를 위한 체육 수업 에듀테크 활용법 : 요즘 체육 수업, 에듀테크로 설계하고 기록되고 성장으로 남는다!	임우균, 서지원	앤써북	2026년 02월	15,120
그림으로 이해하는 IT 인프라 구조와 기술	츠루나가 신이치, 야마모토 나오아키, 야마네 다케노부, 기타자키 아야치카, 김성훈	길벗	2026년 06월	19,800
클로드 코워크 시작하기	조남경	비엘북스	2026년 07월	25,200
AI 냄새 지우기	벤진 리드	자이언톡	2026년 06월	17,820
된다! 스레드 활용법	거북이걸음	이지스퍼블리싱	2026년 06월	19,800
돈이 되네? 수익과 성장이 동시에 터지는 네이버 블로그	정소희	골든래빗	2026년 04월	23,220
된다! 조회수 터지는 인스타그램 릴스 만들기	최지영	이지스퍼블리싱	2026년 03월	18,900
맛있는 디자인 포토샵&일러스트레이터 CC 2026	박정아, 윤이사라	한빛미디어	2026년 02월	23,400
7가지 생성 AI로 영상 제작 & 편집하기 with 챗GPT & 미드저니 & 런웨이(개정판)	홍순성	한빛미디어	2026년 06월	22,500
Do it! 유니티 6로 게임 제작 & 출시하기	고정운	이지스퍼블리싱	2026년 05월	32,400
AI 실전 마스터 칼릭스의 프롬프트 디테일	칼릭스(손윤석)	한빛비즈	2026년 04월	19,800
n8n이 다 해줌	이인영, 임정	한빛미디어	2026년 04월	25,200
한 권으로 끝내는 피지컬 AI ROS2 입문+실전(종합편)	서민우, 전현희, 이현아, 박찬호	앤써북	2026년 04월	22,950
Do it! LLM을 활용한 AI 에이전트 개발 입문	이성용	이지스퍼블리싱	2025년 05월	31,500
혼자 공부하는 컴퓨터 구조+운영체제	강민철	한빛미디어	2022년 08월	25,200
요즘 바이브 코딩 하네스 with 클로드 코드	조성진	골든래빗	2026년 06월	27,000
클로드 코드를 활용한 바이브 코딩 완벽 입문	히라카와 토모히데, 최용	위키북스	2026년 03월	23,400
누구나 성공하는 AI 비서, 오픈클로	박권, 임세범, 홍성용, 정용석, 김경상, 정보 더 보기/감추기, 박권, 임세범, 홍성용, 정용석, 김경상, 김준오, 강현수	책밥	2026년 07월	21,600
AI 영상 제작	문수민, 민지영, 신호진, 강경희, 앤미디어	길벗	2026년 07월	24,300
벡터 데이터베이스 설계와 구축	송기상	아이리포	2026년 07월	17,820
생성형 AI 치트키 (한 권으로 끝내는 실전 매뉴얼)	장미희	박문각	2026년 07월	20,900
베테랑 AI 전문가가 만든 가장 쉬운 제미나이 활용! Gemini(제미나이)로 무엇이든 만들 수 있다 (AI 비서 영상 만들기 · 유튜브 숏폼)	송상미, 윤소영, 강은정	광문각출판미디어	2026년 05월	19,000
승인율 99.9% 움직이는 이모티콘 만들기 with 프로크리에이트	씨엠제이(최민정)	한빛미디어	2026년 05월	16,200
모두의 노션 AI	임대균, 오가연	생능북스	2026년 04월	15,120
AI 시대 서·논술형 평가 설계 바이블	조현준, 이근숙, 권좌실, 이슬기, 엄주연, 정보 더 보기/감추기, 조현준, 이근숙, 권좌실, 이슬기, 엄주연, 오덕수	에듀니티교육연구소(에듀니티)	2026년 03월	19,800
AI 에이전트 엔지니어링	마이클 알바다, 강민혁	한빛미디어	2026년 01월	28,800
이게 되네? AI 쇼츠 만들기 미친 자동화 22제	천은영	골든래빗	2026년 01월	23,400
대체불가 AI 영상 제작 완전정복	이용태	책바세	2025년 12월	26,100
AI 엔지니어링	칩 후옌, 변성윤	한빛미디어	2025년 09월	36,000
업무와 일상을 정리하는 새로운 방법 노션	전시진	제이펍	2025년 06월	21,600
핸즈온 LLM	제이 알아마르, 마르턴 흐루턴도르스트, 박해선	한빛미디어	2025년 06월	34,200
질문으로 답을 찾는 인공지능 윤리 수업	박형빈	한언	2025년 04월	18,900
마법 같은 영상 제작을 위한 스마트폰 촬영 및 편집 with 캡컷	김지희	시프트	2025년 03월	20,700
바로바로 챗GPT X 덕테이프 X 코덱스	박현규	골든래빗	2026년 06월	21,600
하루 2시간 경력단절 엄마의 블로그로 시작하는 온라인 브랜딩	그릿지선(이지선)	호호북앤드림	2026년 07월	17,820
색보정을 시작하는 초보 컬러리스트 유튜버를 위한 다빈치리졸브 색보정	전수연	디지털북스	2026년 07월	19,800
ComfyUI 독학노트	김한호, 김홍일, 권구영, 윤택한, 최태온, 정보 더 보기/감추기, 김한호, 김홍일, 권구영, 윤택한, 최태온, 김나래, 안현준	성안당	2026년 07월	34,200
요즘 바이브 코딩 수익화 앱 만들기 with 커서 AI 마켓 등록·인앱 결제·구독 상품	시몬	골든래빗	2026년 07월	30,600
이게 되네? 클로드 MCP 커넥터 미친 활용법 31제	박현규, 김성경	골든래빗	2026년 06월	21,600
알고 나면 무조건 써먹는 실무 엑셀	정훈희	한빛미디어	2026년 05월	20,700
퇴근이 빨라지는 제미나이 & 노트북LM 업무 자동화 정석 엑셀 X AI	권현욱	디지털북스	2026년 04월	19,800
자연은 왜 이토록 단순하면서도 아름다운가	로버트 칸, 크리스 퀴그, 박병철	알에이치코리아(RHK)	2026년 04월	31,500
맛있는 디자인 프리미어 프로&애프터 이펙트 CC 2026	심수진, 윤성우, 이수정	한빛미디어	2026년 03월	24,300
AI 자율학습 클로드 코드·코덱스 CLI·제미나이 CLI 완전 활용법	Dave Lee	길벗	2026년 02월	28,800
서논술형 평가, AI로 깊이를 더하다	지미정, 장희영, 권의선, 이진원, 김수경, 정보 더 보기/감추기, 지미정, 장희영, 권의선, 이진원, 김수경, 박범진	앤써북	2025년 12월	22,950
처음이지만 프로처럼 쓰는 노션 Notion	박한용	디지털북스	2025년 09월	22,500
회사에서 바로 통하는 실무 엑셀 파워포인트 워드&한글	전미진, 이화진, 신면철	한빛미디어	2025년 08월	24,300
한 권으로 끝내는 아두이노 입문+실전 (종합편)	서민우, 코코랩스	앤써북	2025년 03월	19,800
이게 되네? 챗GPT 미친 활용법 71제	오힘찬	골든래빗	2025년 01월	21,600
혼자 공부하는 네트워크	강민철	한빛미디어	2024년 04월	25,200
F1 레이스카의 공기역학	윤재수, 김효원	골든래빗	2023년 11월	45,000
후니의 쉽게 쓴 시스코 네트워킹	진강훈	성안당	2024년 08월	38,700
혼자 공부하는 SQL	우재남	한빛미디어	2021년 11월	21,600
주인의 눈	맛떼오 파스퀴넬리, 이광석, 김상민	동녘	2026년 06월	27,000
AI 자율학습 AI 에이전트 개발 입문	박경민	길벗	2026년 07월	28,800
AI 에이전트 실행 세계 2 : 설계편	조쉬	로드북	2026년 06월	31,500
혼자 해도 프로 선생님처럼 잘 설계하는 AI 자동화 교실	박창민, 이승우, 이슬민, 김동환, 김민, 정보 더 보기/감추기, 박창민, 이승우, 이슬민, 김동환, 김민, 김태현, 이운희, 이현석	한빛미디어	2026년 07월	20,700
만들면서 배우는 AI 에이전트 개발 입문+실전	박나연(공원나연)	한빛미디어	2026년 05월	33,300
요즘 바이브 코딩 커서 X 클로드 코드 실전 외주 돈 벌기	불혹코딩	골든래빗	2026년 05월	23,400
AI 국부론	이승현	골든래빗	2026년 03월	25,200
무조건 도움되는 유아교사 업무경감	김나영, 남동윤, 이영은, 장효정, 최지이, 정보 더 보기/감추기, 김나영, 남동윤, 이영은, 장효정, 최지이, 황경미	교육과실천	2026년 01월	22,950
AI 로봇 구조 교과서	유승남	보누스	2026년 01월	20,700
나는 오렌지3로 인공지능한다	장병철, 서미란, 박지훈, 정종호	씨마스	2025년 12월	20,700
밑바닥부터 만들면서 배우는 LLM	세바스찬 라시카, 박해선	길벗	2025년 09월	36,000
바로 배워서 바로 써먹는 바이브 코딩	박찬, 김병석, 전수연, 김지용, 구현희, 정보 더 보기/감추기, 박찬, 김병석, 전수연, 김지용, 구현희, 전채원, 홍찬우, 이상선	다빈치books	2025년 09월	19,800
보고서 기획서 고민 없이 시작해서 30분 만에 끝내주는 프롬프트 책	박경수	한빛비즈	2025년 08월	19,800
디자인 구구단	에이핫	길벗	2024년 08월	18,000
그림으로 이해하는 서버 구조와 기술	요코타 카즈키, 엔도 유키, 김성훈	길벗	2024년 06월	19,800
Do it! C++ 완전 정복	조규남, 문종채	이지스퍼블리싱	2024년 03월	28,800
오토캐드 40시간 완성	신동진	피앤피북	2024년 03월	18,000
모두의 네트워크 기초	서지영	길벗	2024년 01월	21,600
핸즈온 머신러닝	오렐리앙 제롱, 박해선	한빛미디어	2023년 09월	54,000
가상 면접 사례로 배우는 대규모 시스템 설계 기초	알렉스 쉬, 이병준	인사이트(insight)	2021년 07월	21,600
소프트웨어 테스트 전문가(CSTS) 가이드	한국정보통신기술협회(TTA)	홍릉	2021년 04월	31,350
데이터 중심 애플리케이션 설계	마틴 클레프만, 정재부, 김영준, 이도경	위키북스	2018년 04월	32,400
미래를 바꾼 아홉 가지 알고리즘	존 맥코믹, 민병교	에이콘출판사	2013년 05월	16,920
바이브 엔지니어링	제이 킴	길벗	2026년 06월	21,600
AI 에이전트 실행 세계 1 : 원리편	조쉬	로드북	2026년 06월	27,000
생존을 위한 최소한의 AI 교양	조남호	골든래빗	2026년 06월	22,500
코딩 몰라도 시작하는 바이브 코딩	박인찬	혜지원	2026년 07월	18,000
교사의 시간 AI로 다시 쓰다	황영준, 박성완, 양기송	에듀윌	2026년 07월	12,600
브랜드가 된 디자이너	노선선	시프트	2026년 07월	18,900
스토리 창작자를 위한 AI 활용 가이드	야마카와 겐이치, 이마이 아키히코, 아시자와 가모메, 송경원	요다	2026년 06월	16,200
혼자 해도 프로 선생님처럼 잘 만드는 학교 수업 자료 with 제미나이	김태훈, 손민지, 김한나	한빛미디어	2026년 06월	19,800
AI 대세전환 안티그래비티 × 바이브 코딩 압도적 업무 역량	정용범, 손상우, 박성환	프리렉	2026년 05월	27,000
누구나 코딩하는 시대, 1일 10분 바이브 코딩	김영욱	한빛미디어	2026년 04월	19,800
이게 되네? 오픈클로 미친 활용법 50제	한준구	골든래빗	2026년 05월	21,600
인스타그램 릴스 & 알고리즘 공략법 : 100만 조회수 만들기	서진원	이은북	2026년 04월	16,020
수업과 업무에 바로 적용하는 생성형 AI 활용 58제	임세범	앤써북	2026년 04월	16,920
바로바로 바이브 코딩 with 커서 AI	박현규	골든래빗	2026년 04월	27,000
옵시디언 프로페셔널 노트	구요한	리코멘드	2026년 03월	22,500
맛있는 디자인 피그마 with AI	이영주	한빛미디어	2026년 02월	25,200
된다! 피그마 디자인 10분 레시피	하이서, 김대일, 김시원, 최유빈	이지스퍼블리싱	2026년 02월	25,200
광고, UX/UI, 브랜딩에 바로 쓰는 디자인 심리 108	321web(미쓰이 마사유키), 김현미	시프트	2026년 01월	16,200
컴퓨팅 사고와 정보과학 : 2025년도 기출문제집(중·고등학생용)	한국비버챌린지 (Bebras Korea)	생능출판사	2025년 12월	13,500
스케치업&엔스케이프 트레이닝 북	강석창	한빛미디어	2025년 10월	28,800
된다! 미리캔버스&캔바 디자인 수업	방구석 다람쥐(배가을)	이지스퍼블리싱	2025년 09월	21,600
요즘 바이브 코딩 클로드 코드 완벽 가이드	최지호	골든래빗	2025년 09월	21,600
요즘 교사를 위한 AI 디지털 수업 설계 가이드 with 2022 개정 교육과정	김진관, 김상섭, 이대형, 이상선, 윤신영	한빛미디어	2025년 08월	19,800
UX/UI 디자이너를 위한 실무 피그마	클레어 정	한빛미디어	2025년 05월	25,200
혼자 해도 프로 선생님처럼 잘 만드는 학교 수업 자료 with 캔바 Canva	김태훈, 김한나, 김예슬, 손민지, 유수근	한빛미디어	2024년 10월	20,700
20가지 템플릿으로 배우는 노션 Notion	전시진	시프트	2024년 10월	18,000
게임 기획의 정석	타이난 실베스터, 오영욱	스타비즈	2024년 04월	27,000
이것이 자바다	신용권, 임경균	한빛미디어	2024년 04월	34,200
혼자 공부하는 자바	신용권	한빛미디어	2024년 02월	25,200
CODE	찰스 펫졸드, 김현규	인사이트(insight)	2023년 12월	31,500
코딩 자율학습 나도코딩의 파이썬 입문	나도코딩	길벗	2023년 02월	21,600
세계관을 창조하는 판타지 배색 아이디어 사전	사쿠라이 테루코, 하시 카츠카메, 허영은	한스미디어	2023년 01월	5,625
비전공자를 위한 이해할 수 있는 IT 지식	최원영	티더블유아이지	2020년 07월	15,120
라프 코스터의 재미이론 10주년 개정판	라프 코스터, 유창석, 전유택	길벗	2017년 03월	19,800
Do it! C 언어 입문	김성엽	이지스퍼블리싱	2017년 01월	22,500
라즈베리파이 5로 배우는 AI 인공지능 자율주행 자동차 만들기 + 데이터 수집 · 학습 + 딥러닝	장문철	앤써북	2026년 06월	21,960
초간단 캡컷 AI 영상 편집	이용태	책바세	2026년 08월	19,800
심플 디자인	박영록	위키북스	2026년 07월	16,200
한눈에 보는 대한민국 코스피	MrTrigger	한빛미디어	2026년 06월	23,400
혼자 완성하는 Java 풀코스	심상원	아이콕스(iCox)	2026년 07월	30,600
다름을 연결하는 교실 설계자가 되기 위한 필수 실천서! AI 에듀테크로 다문화 수업 쉽게 설계하기!	유영미, 유예찬, 이근경, 이효진, 정홍교, 정보 더 보기/감추기, 유영미, 유예찬, 이근경, 이효진, 정홍교, 박천용, 김승환, 송지영, 김민주, 양은숙, 손지후, 강동호, 김가람, 오지현, 오가람	광문각출판미디어	2026년 06월	20,000
셀프프롬프트	전행진	퍼블리터	2026년 06월	16,650
캔바로 만든 디자인, 돈이 됩니다	리몬(안형선)	길벗	2026년 06월	19,800
AI가 다 하고 내가 돈 버는 앱 만들기	서희찬	길벗	2026년 05월	25,200
AI 게임 개발 시작	김정태	홍릉	2026년 05월	25,000
AI 바이브 코딩 마스터	정의석, 정윤식	영진닷컴	2026년 05월	32,400
클로드 디자인 시작하기	조남경	비엘북스	2026년 05월	22,500
맛있는 디자인 포토샵 CC 2026	윤이사라	한빛미디어	2026년 04월	23,400
된다! 하루 만에 준비하는 캔바 AI 수업 활용법 with 2022 개정 교육과정	정인걸, 김경수	이지스퍼블리싱	2026년 05월	21,600
에이전트 시대의 AI 시스템 설계	발리아파 락슈마난, 하네스 막스 하프케, 류광	한빛미디어	2026년 04월	37,800
하이러닝으로 끝내는 AI 디지털 수업 50제	유지현, 조윤호, 고윤경, 진연자, 곽지현, 정보 더 보기/감추기, 유지현, 조윤호, 고윤경, 진연자, 곽지현, 최혜진, 최정은, 조희정, 조연영, 이성찬, 허윤영, 정승연	한빛미디어	2026년 04월	21,600
바이브 코딩 with 구글 안티그래비티	노성환	영진닷컴	2026년 04월	16,200
그림으로 배우는 생성형 AI	프리양카 베르가디아, 발리아파 락슈마난, 류광	한빛미디어	2026년 04월	29,700
새나곰의 똥손도 바로 시작하는 인스타툰 그리기 with 클립 스튜디오	새나곰(정은아)	한빛미디어	2026년 03월	20,700
캔바 AI	신승희, 앤미디어	생능북스	2026년 03월	21,600
엑셀 대신 챗GPT	오종현	한빛미디어	2026년 03월	19,800
요즘 바이브 코딩 안티그래비티 완벽 가이드	최지호	골든래빗	2026년 02월	25,200
초등학생을 위한 AI 미래 지식 74	김영현, 최정을	길벗스쿨	2026년 01월	15,300
수노로 시작하는 AI 작곡	강성우, 한나래	제이펍	2025년 12월	18,000
어쨌든, 바이브 코딩	코다프레스, 양희은	인사이트(insight)	2025년 12월	19,800
소프트웨어 아키텍처 The Basics	마크 리처즈, 닐 포드, 류광, 307번역랩	한빛미디어	2025년 11월	38,700
요즘 바이브 코딩 깃허브 코파일럿 31가지 프로그램 만들기	박현규	골든래빗	2025년 12월	21,600
연필과 종이로 풀어보는 AI 딥러닝 수학 워크북 214제	톰 예	아티오	2025년 12월	17,100
그림으로 이해하는 도커와 쿠버네티스	토쿠나가 코헤이, 서수환	길벗	2025년 11월	19,800
학교 업무가 쉬워지는 구글 스프레드시트 실전 가이드북	김동호, 민동수, 박준택, 오보람, 윤수진, 정보 더 보기/감추기, 김동호, 민동수, 박준택, 오보람, 윤수진, 나혜진	씨마스21	2026년 01월	19,800
써니쌤과 함께 처음 시작하는 SNS 디자인 캔바	써니쌤 강성은	시원북스	2025년 10월	17,820
챗GPT는 거들 뿐, 생기부는 내가 쓴다	장승아, 조원정	위키북스	2025년 09월	14,400
기술·가정 교사가 만든 기술·가정 교사를 위한 찐 실전 챗GPT (생성형 AI (에듀테크) 기술·가정 수업 활용하기!)	봉우리, 이호준, 윤지원, 김보정	광문각출판미디어	2025년 08월	17,000
나는 CODAP으로 데이터 분석한다	최정원, 류현욱, 박근영, 박예람, 유동호, 정보 더 보기/감추기, 최정원, 류현욱, 박근영, 박예람, 유동호, 유하연, 이완범, 이원경, 이지현, 최희진, 허영주	씨마스	2025년 06월	22,500
회사에서 바로 통하는 실무 엑셀	한은숙	한빛미디어	2025년 06월	20,700
처음이야? 파이썬 기초	윤영빈, 오환, 이용희	영진닷컴	2025년 06월	18,000
2022 개정과 IB 교육 철학을 적용한 초등 개념기반 탐구수업•서술형평가 설계와 실천	진경오	앤써북	2025년 05월	18,900
현직 교사가 만든 업무자동화를 원하는 교사를 위한 찐 실전 챗GPT GPTs·미조우·제미나이 - 챗봇 만들기 생성형 AI 챗봇으로 수업 업무 박살 내기!	김요섭, 허영주, 조래정, 정재우	광문각출판미디어	2025년 04월	15,000
M365 코파일럿 무작정 따라하기	김시연, 서지영	길벗	2025년 04월	19,800
공여사들의 엑셀 혁명 with 챗GPT	공여사들	한빛미디어	2025년 03월	18,900
교사를 위한 패들렛 Padlet	안익재	앤써북	2025년 03월	15,120
도덕적인 AI	월터 시넛 암스트롱, 재나 셰익 보그, 빈센트 코니처, 박초월	김영사	2025년 01월	19,800
머신비전 비밀노트	㈜앤비젼	바른북스	2024년 10월	21,600
NEW 우당탕탕 한글 2020/2022로 문서만들기	교재개발팀	마린북스	2024년 08월	12,600
AI를 위한 필수 수학	할라 넬슨, 안민재	한빛미디어	2024년 08월	40,500
2022 개정 교육과정 평가, AI로 날개를 달다 (개념기반 교육과정)	지미정, 오한나, 노명호, 권의선, 김영수, 정보 더 보기/감추기, 지미정, 오한나, 노명호, 권의선, 김영수, 이진원, 장희영, 소민영, 조보현	앤써북	2024년 09월	18,900
Do it! 5일 만에 끝내는 깃&깃허브 입문	고경희, 이고잉	이지스퍼블리싱	2024년 08월	16,200
LLM을 활용한 실전 AI 애플리케이션 개발	허정준, 정진호, 박재호	책만	2024년 07월	28,800
마인크래프트 몹 완벽 가이드	Mojang Studio, 이주안	영진닷컴	2024년 04월	16,200
된다! 김메주의 유튜브 채널&영상 만들기	김혜주	이지스퍼블리싱	2024년 04월	17,100
마인크래프트 미니게임 만들기	우마공 운영진	영진닷컴	2024년 02월	15,120
된다! 7일 실무 한글	한정희	이지스퍼블리싱	2023년 10월	16,200
그림으로 이해하는 네트워크 구조와 기술	나카오 신지, 김성훈	길벗	2023년 07월	19,800
프로덕트 매니지먼트	김영욱	한빛미디어	2023년 06월	20,700
포켓몬스터 레츠고! 피카츄ㆍ레츠고! 이브이 속성클리어모험가이드		학산문화사(단행본)	2022년 11월	10,800
실용주의 프로그래머	데이비드 토머스, 앤드류 헌트, 정지용, 김창준	인사이트(insight)	2022년 02월	29,700
Real MySQL 8.0 (1권)	백은빈, 이성욱	위키북스	2021년 09월	27,000
함께 자라기	김창준	인사이트(insight)	2018년 11월	11,700
모두의 파이썬	이승찬	길벗	2018년 10월	10,800
친절한 SQL 튜닝	조시형	디비안(DBian)	2018년 06월	34,200
도널드 노먼의 디자인 심리학	도널드 노먼, 범어디자인연구소	유엑스리뷰	2018년 04월	31,500
Do it! 오토캐드 2027 + AI	박한울	이지스퍼블리싱	2026년 06월	27,900
게임으로 철학하기	주자안, 정세경	현암사	2026년 05월	20,700
일 잘하는 직장인	일머리스쿨 (송경이,  유진희)	이지스퍼블리싱	2025년 11월	16,200
생성형 AI를 위한 프롬프트 엔지니어링	제임스 피닉스, 마이크 테일러, 정의형, 정한결	한빛미디어	2025년 06월	34,200
AI와 라이프 아크	노유진	커뮤니케이션북스	2026년 07월	12,000
그로스 IQ, 비즈니스 성장 바이블	티파니 보바, 고현석	골든래빗	2026년 07월	25,200
생성형 AI로 완성하는 회계 · 세무실무	박현준	도서출판배움	2026년 04월	10,800
AWS 교과서	서종호, 김원일, 김석필	길벗	2026년 07월	34,200
내 AI 천재로 키우는 법 1	이태종	이태종NIE논술연구소	2026년 07월	22,500
AI를 활용한 실내디자인 프레젠테이션 스킬	박남용	피앤피북	2026년 07월	20,700
회사에서 바로 통하는 오토캐드 AutoCAD 2027	심미현	한빛미디어	2026년 06월	26,100
프롬프트 해부학	박민지	루비페이퍼	2026년 06월	25,200
준비 끝 다음 수업 AI 에듀테크	노희경	비제이퍼블릭(BJ퍼블릭)	2026년 06월	24,750
이것이 멀티 에이전트다	서지영	한빛미디어	2026년 06월	31,500
유튜브 AI 비서 고용하기 제미나이 X 노트북LM X 구글 스프레드시트	조현정	골든래빗	2026년 06월	21,600
트랜스포머 아키텍처로 배우는 AI 에이전트 with 랭체인 & 랭그래프	장철원	한빛미디어	2026년 05월	35,100
코딩 자율학습 FastAPI 파이썬 백엔드 개발 입문	신동현	길벗	2026년 05월	25,200
프로덕트 디자이너로 살아남기	강영화	이오스튜디오	2026년 05월	17,100
이게 되네? 나노바나나 2 AI 비포&애프터 미친 활용법 82제	쌩초	골든래빗	2026년 05월	21,600
중국 휴머노이드 로봇	김종문	다빈치books	2026년 05월	19,800
기계가 언어를 사용한다는 것에 대한 인문학적 사유	마크 코켈버그, 데이비드 J.건컬, 신동숙, 손화철	생각이음	2026년 04월	17,100
LangChain과 LangGraph로 만드는 LLM 애플리케이션 2/e	벤 아우파스, 레오니드 쿨리긴, 옥경석, 박규성	에이콘출판사	2026년 04월	36,000
된다! AI 디자인 2026	김희재	이지스퍼블리싱	2026년 04월	26,820
딸깍! 바이브 코딩 by 안티그래비티	반병현	생능북스	2026년 04월	22,500
AI로 만드는 노래와 뮤직비디오	전진규	시대인	2026년 04월	12,600
돈이 들어오는 무재고 위탁판매 쇼핑몰	전진수	혜지원	2026년 03월	15,300
AI 시대 엄마가 먼저 알아야 할 최상위 공부법	오주연, 김지예, 김현아	한빛비즈	2026년 03월	19,800
AI 자율학습 제미나이로 일 잘하는 법	성구(강성규)	길벗	2026년 04월	23,400
일머리를 설계하는 AI 워크플로 with n8n	이왕석	한빛미디어	2026년 03월	25,200
된다! AI 상위 노출	이중대	이지스퍼블리싱	2026년 03월	17,100
변화를 기회로 만드는 AI력	정규진	민음인	2026년 03월	20,700
누구나 아는 나만 모르는 챗GPT(개정판) : 세상에서 가장 쉬운 챗GPT & AI 입문서	이성원	한빛미디어	2026년 02월	17,100
에지 컴퓨팅과 피지컬 AI를 위한 라즈베리파이 5	허경용	제이펍	2026년 02월	27,000
AI 게임 개발 with 코덱스	정윤지(유리링)	한빛미디어	2026년 02월	28,800
대체불가능	파스칼 보넷, 김정민	제이펍	2026년 02월	19,800
한 권으로 끝내는 실전 LLM 파인튜닝	강다솔	위키북스	2026년 02월	28,800
누구나 아는 나만 모르는 제미나이	이성원	한빛미디어	2026년 01월	17,100
직장인을 위한 AI 실무 엑셀	선양미	길벗	2025년 12월	22,500
올라마와 오픈소스 LLM을 활용한 AI 에이전트 개발 입문	서영배, 김병규, 임재봉	위키북스	2026년 01월	25,200
대한민국 교육 르네상스 : 대전환시대 교육의 본질을 탐하다	지미정, 김진관, 윤신영, 박미지, 윤여옥, 정보 더 보기/감추기, 지미정, 김진관, 윤신영, 박미지, 윤여옥, 김희수, 박선정, 강원빈, 이대형, 서지나, 서동욱, 하나, 남궁정, 임보라, 김하연	앤써북	2026년 01월	18,000
AI 버블이 온다	아르빈드 나라야난, 사야시 카푸르, 강미경	윌북(willbook)	2025년 12월	22,320
그로스 해킹 (10주년 기념 증보판)	라이언 홀리데이, 고영혁	길벗	2025년 11월	19,800
챗GPT·퍼플렉시티·클로드·코파일럿·제미나이 다 잘함	이호정	리코멘드	2025년 11월	25,200
이공계생을 위한 파이썬 필수예제 2	윤성호	지오북스	2025년 10월	25,000
요즘 바이브 코딩 커서 AI 30가지 프로그램 만들기	박현규	골든래빗	2025년 09월	21,600
AI 에이전트 생태계	조쉬	로드북	2025년 08월	24,300
회사에서 바로 통하는 실무 엑셀 데이터 활용+분석	김경자, 송선영	한빛미디어	2025년 07월	23,400
디자인 트렌드 아카이브 포토샵 & 일러스트레이터	김혜주	제이펍	2025년 07월	21,600
시작하세요! 도커/쿠버네티스	용찬호	위키북스	2025년 07월	32,400
테디노트의 랭체인을 활용한 RAG 비법노트 : 기본편	이경록	리코멘드	2025년 05월	30,600
디자인 감각 제대로 키우는 법	가마타 다카시, 김현미	시프트	2025년 05월	17,100
된다! 업무에 바로 쓰는 구글 활용법	이광희	이지스퍼블리싱	2025년 04월	18,900
레트로의 유니티 6 게임 프로그래밍 에센스	이제민	한빛미디어	2025년 02월	59,400
밑바닥부터 시작하는 딥러닝 1	사이토 고키, 개앞맵시	한빛미디어	2025년 01월	23,400
선생님을 위한 노션	임세범	앤써북	2025년 01월	19,620
누구나 아는 나만 모르는 엑셀	이성원	한빛미디어	2024년 11월	15,300
혁펜하임의 Easy! 딥러닝	혁펜하임	북엔드	2024년 11월	31,500
아무도 알려 주지 않는 PM 필수 지식	최선신	영진닷컴	2024년 10월	19,800
그림과 실습으로 배우는 깃 & 깃허브 입문	한재원	위키북스	2024년 09월	24,300
코파일럿+엑셀 업무자동화 정석	권현욱	디지털북스	2024년 08월	19,800
무작정 따라하기 엑셀 파워포인트 워드+한글	박미정, 박은진	길벗	2024년 07월	22,500
초등부터 중등까지 한 권으로 끝내는 엔트리와 40개의 작품들	전진아, 김수연	앤써북	2024년 06월	15,930
개발자를 위한 필수 수학	토머스 닐드, 박해선	한빛미디어	2024년 06월	27,000
게임 시나리오 기획자를 위한 안내서	양정윤	에이콘출판사	2024년 05월	23,400
다시 꺼내는 아이패드 Re:드로잉 with 프로크리에이트	금손햄찌	앤제이BOOKS	2024년 06월	20,700
권학봉의 포토샵&라이트룸 클래식 사진보정 강의	권학봉	황금부엉이	2024년 05월	44,550
그림으로 이해하는 알고리즘	이시다 모리테루, 미야자키 슈이치, 이동규	길벗	2024년 04월	19,800
디자인, 이것만 알면 쉬워져요 with 63가지 LESSON	요네쿠라 아키오, 이쿠타 신이치, 아오야나기 치사토, 최재원	책만	2024년 02월	18,000
파이썬 생활 프로젝트 코딩	서승희	길벗	2023년 08월	16,200
견고한 데이터 엔지니어링	조 라이스, 맷 하우슬리, 김인범	한빛미디어	2023년 06월	34,200
린 스타트업 (10주년 기념판)	애시 모리아, 권혜정	한빛미디어	2023년 06월	21,600
파이썬 코딩 도장	남재윤	길벗	2023년 01월	27,000
C언어 Express	천인국	생능출판사	2023년 01월	32,000
마인크래프트 서바이벌 핸드북	Mojang Studio, 이주안	영진닷컴	2022년 12월	10,800
마인크래프트 레드스톤 핸드북	Mojang Studio, 이주안	영진닷컴	2022년 12월	10,800
코딩 자율학습 나도코딩의 C 언어 입문	나도코딩	길벗	2022년 10월	23,400
The art of game design (한국어판)	윤형섭, 한호성	홍릉과학출판사	2022년 09월	37,050
훅: 일상을 사로잡는 제품의 비밀	니르 이얄, 조자현	유엑스리뷰	2022년 05월	20,700
코딩 자율학습 HTML + CSS + 자바스크립트	김기수	길벗	2022년 04월	24,300
된다! 사각사각 아이패드 드로잉 with 프로크리에이트	레이나, 임예진, 캘리스마인드	이지스퍼블리싱	2021년 06월	21,600
데이터 과학을 위한 통계	피터 브루스, 앤드루 브루스, 피터 게데크, 이준용	한빛미디어	2021년 05월	30,600
유니티를 몰라도 만들 수 있는 유니티 2D 게임 제작	모리 요시나오, 김은철, 유세라	영진닷컴	2021년 02월	19,800
수학대백과사전	구라모토 다카후미, 린커넥터	동양북스(동양books)	2020년 12월	16,200
카카오톡 이모티콘 만들기	소콘소콘 김소희	길벗	2020년 09월	14,400
한컴오피스 2020 한글+한셀+한쇼+한워드	㈜한글과컴퓨터, 허미현, 부성순	영진닷컴	2020년 07월	17,100
STM32CubeIDE를 이용한 STM32 따라하기	김남수, 이진형	북랩	2020년 06월	19,800
최강 브롤러 전략 가이드북	제이슨 리치	서울문화사	2020년 02월	14,220
그림으로 배우는 네트워크 원리	Gene, 김성훈	영진닷컴	2020년 02월	14,400
된다! 7일 실무 엑셀	한정희	이지스퍼블리싱	2019년 07월	18,000
모두의 데이터 분석 with 파이썬	송석리, 이현아	길벗	2019년 04월	16,200
Clean Code 클린 코드	로버트 C. 마틴, 박재호, 이해영	인사이트(insight)	2013년 12월	29,700
린 스타트업	에릭 리스, 이창수, 송우일	인사이트(insight)	2012년 11월	16,200
머신러닝 플랫폼 엔지니어링	벤저민 탄 웨이 하오, 샤눕 파드마나반, 바룬 말랴, 허정준	책만	2026년 07월	31,500
디자인, 이렇게 하면 되나요? (최신 개정판)	오자와 하야토, 구수영	제이펍	2026년 06월	19,620
오렌지3 with 파이썬	김현철, 김종혜, 박종화, 임진숙	생능북스	2026년 06월	28,800
AI기본법이 뭐길래	노신정, 마작가	페스트북	2026년 06월	15,300
파이썬의 도구들	정국진	영진닷컴	2026년 06월	21,600
AI 생존 지도	이석현	여림재	2026년 06월	18,000
AI 에이전트 개발과 운영 올인원 가이드	온다 미노루, 오쓰보 유, 쓰카다 마사키, 두발타고	제이펍	2026년 06월	29,700
처음 시작하는 바이브 코딩	사카이 마리코, KEITO, 고범석, 이한나	영진닷컴	2026년 06월	18,000
Node.js + NestJS 교과서	조현영	길벗	2026년 05월	36,000
취미가 돈이 되는 인스타툰	이건용	시프트	2026년 06월	19,800
AI 에이전트 개발 완벽 입문	에디 유, 김대규, 조경아, 김현지	위키북스	2026년 04월	37,800
네이버 블로그 AI 자동화 마케팅 with 챗GPT+Zapier+Make	조영빈	디지털북스	2025년 04월	18,000
나의 첫 노션 Notion 마스터북	이유미	비즈니스북스	2024년 07월	17,550
혼자 공부하는 자바스크립트	윤인성	한빛미디어	2021년 01월	21,600
AI 창업 퍼실리테이터	박상혁, 이명관	커뮤니케이션북스	2026년 07월	12,000
SAP ABAP 이야기 1 - Home 서버 설치 및 ABAP 입문	김병순	BOOKK(부크크)	2026년 07월	28,000
무조건 승인되는 이모티콘 & 굿즈 만들기	백지수	시대인	2026년 07월	16,200
이공계생을 위한 파이썬 필수예제 3	윤성호	지오북스	2026년 09월	29,000
컴퓨터 왕기초(윈도우 11&인터넷(엣지)&한글 2022&엑셀 2021&파워포인트 2021)	OPIG 교재편찬팀	시대인	2026년 07월	13,500
고등학생을 위한 실습으로 배우는 데이터 과학	윤태현, 나소영	삼양미디어	2026년 07월	22,500
Physical AI 지능제어 입문	박연묵	교우	2026년 07월	20,000
생성형 AI와 메타버스 그리고 지식재산권	송은지	커뮤니케이션북스	2026년 07월	12,000
처음이야? 파이썬 데이터 모델링&머신러닝	윤영빈, 오환, 이용희	영진닷컴	2026년 07월	22,500
테디노트의 LangGraph 에이전트 비법노트	이경록, 김태한, 임한택, 최재훈, 강민석, 정보 더 보기/감추기, 이경록, 김태한, 임한택, 최재훈, 강민석, 김성연	리코멘드	2026년 07월	30,600
실전 코딩 테스트 가이드	이상도, 쩜튜브, 김민상	영진닷컴	2026년 06월	25,200
생성형 AI와 틴커캐드로 완성하는 아두이노 발명 프로젝트	이은상	BOOKK(부크크)	2026년 06월	19,700
현직 개발자가 알려주는 Claude Code - 초 보 에 서 전 문 가 되기	일락	BOOKK(부크크)	2026년 06월	44,100
블렌더 3D 아트워크 완성 클래스	장승필	영진닷컴	2026년 06월	25,200
평범한 일상을 특별하게 남기는 스마트폰 사진 & 보정	최은영	시대인	2026년 06월	18,000
에이전틱 AI와 바이브 코딩 AI 개발의 정석 with 언리얼	이영호, 이영훈, 탁광욱, 김현진, 나유선, 정보 더 보기/감추기, 이영호, 이영훈, 탁광욱, 김현진, 나유선, 박현상, 배주백	성안당	2026년 06월	39,900
AI 3D 모델링	양영민	비엘북스	2026년 06월	22,500
퇴근을 앞당기는 AI 업무 활용 루틴	오언주	시대인	2026년 06월	17,100
베테랑 AI 전문교사가 만든 가장 쉬운 패들렛 활용! Padlet(패들렛)으로 무엇이든 만들 수 있다 (교사를 위한 패들렛 수업 활용)	봉우리, 윤상준, 이호준, 황호연	광문각출판미디어	2026년 05월	17,000
한 권으로 끝내는 AI 자동화	최재용, 이요셉, 이신우, 최금선, 박경희, 정보 더 보기/감추기, 최재용, 이요셉, 이신우, 최금선, 박경희, 유미경, 한주은, 오영주, 정은진, 김진수	두온교육(주)	2026년 05월	19,800
기업 AI자동화를 위한 클로드 AI활용	최재용, 박경희, 신진주, 임기정, 권혁용, 정보 더 보기/감추기, 최재용, 박경희, 신진주, 임기정, 권혁용, 김진수, 최동진, 김진선	미디어북	2026년 05월	20,000
LLMOps 완벽 가이드	아비 아리안, 박조은, 박주환	한빛미디어	2026년 05월	28,800
바이브코딩으로 진짜 웹 서비스 하나를 끝까지 만든다!	이상용, 정동진	앤써북	2026년 05월	16,920
오픈클로	오창근	생능북스	2026년 05월	19,800
함수형 설계, 객체 지향과 만나다	로버트 C. 마틴, 장연호	인사이트(insight)	2026년 05월	29,700
3주 완성 초등 AI 웹툰 With 투닝, 망고툰	한송이	서사원주니어	2026년 05월	18,000
모던 데이터 아키텍처 설계와 구현	피트하인 스트렝홀트, 김영기, 김현진	책만	2026년 05월	29,700
Do it! 바이브 코딩 + 안티그래비티	조준수	이지스퍼블리싱	2026년 05월	21,600
맛있는 디자인 애프터 이펙트 CC 2026	이수정	한빛미디어	2026년 04월	24,300
베테랑 AI 전문가가 만든 가장 쉬운 그록 AI 활용! Grok(그록)으로 무엇이든 만들 수 있다 (AI 비서 · 영상 만들기, 유튜브 수익화)	이현, 이민정, 이승현, 이나윤, 김성희	광문각출판미디어	2026년 04월	19,000
요즘 예체능 수업을 위한 에듀테크 활용법 223제	박래혁	앤써북	2026년 05월	20,970
몰입을 설계하는 게임 기획	쉬웨이훙, 권유라	제이펍	2026년 04월	25,200
요즘 교실 혁신의 공식 AI·에듀테크 활용법 with 2022 개정 교육과정	진제헌	앤써북	2026년 05월	20,970
구글 AI 제미나이(Gemini) 200% 활용법	정의	BOOKK(부크크)	2026년 04월	8,800
그림으로 이해하는 AWS 구조와 기술	오가사와라 시게타카, 박광수	길벗	2026년 04월	23,400
F1 용어집 1211	윤재수	골든래빗	2026년 04월	60,000
AI 프로덕트는 어떻게 만들어지는가	류인태, 김예림, 임나정	한빛미디어	2026년 04월	22,500
젠스파크 Genspark AI 콘텐츠 공장	조영빈	디지털북스	2026년 04월	18,000
앗싸 나도 되네! 오늘부터 바로 써먹는 AI 보험영업 활용법	조대수	재노북스	2026년 03월	25,200
어쨌든, 에이전틱 코딩	코다프레스, 양희은	인사이트(insight)	2026년 04월	22,500
스프링 AI 인 액션	크레이그 월즈, 류광, 307번역랩	위키북스	2026년 04월	28,800
이것이 리눅스다 with Rocky Linux 10	우재남	한빛미디어	2026년 03월	36,000
Logic Pro 로직 프로 12	최이진	노하우(도서출판)	2026년 04월	29,700
학업과 취업을 위한 제미나이 노트북LM으로 무엇이든 만들 수 있다	전다희, 황우현	광문각출판미디어	2026년 02월	22,000
제미나이로 구글·이미지·영상·자동화 진짜 잘함	이호정	리코멘드	2026년 03월	16,920
SQL TUNER for PostgreSQL	유일환	디비안(DBian)	2026년 03월	39,000
오픈클로 with GPT, 제미나이, 클로드	강민혁	한빛미디어	2026년 03월	19,800
AI 중심 대학	장준호	연암사	2026년 03월	17,010
파이토치로 배우는 LLM & AI	로런스 모로니, 박해선	한빛미디어	2026년 03월	32,400
한 입 크기로 잘라 먹는 리액트	이정환	인사이트(insight)	2026년 02월	29,700
지속 가능한 프런트엔드 엔지니어링	이문기	위키북스	2026년 02월	25,200
된다! 링크드인 활용법	변재일	이지스퍼블리싱	2026년 03월	19,800
교실로 온 ON 제미나이	박찬, 김병석, 전수연, 김지용, 구현희, 정보 더 보기/감추기, 박찬, 김병석, 전수연, 김지용, 구현희, 전채원, 홍찬우, 임채원	다빈치books	2026년 03월	19,800
처음이지만 프로처럼 쓰는 캔바 (Canva)	정다은(시재)	디지털북스	2026년 03월	27,000
AI 에이전트 마스터 클래스	김구현	한빛미디어	2026년 01월	23,400
바로 배워 바로 쓰는 챗봇 수업디자인 A~Z	김은현, 박소현, 백진희, 이서연, 이유진, 정보 더 보기/감추기, 김은현, 박소현, 백진희, 이서연, 이유진, 이효진, 정은서	앤써북	2026년 01월	21,600
제대로 알고 쓰는 논문 통계분석 with 파이썬&머신러닝	노경섭	한빛아카데미	2026년 01월	38,000
심리상담과 AI의 융합	이혜숙	커뮤니케이션북스	2026년 01월	12,000
왕초보 시니어도 쉽게 따라 하는 챗GPT 사용법	곽민철, 정희철	생능북스	2026년 01월	15,120
AI로 완성하는 고수익 유튜브 운영 비법	현승효(디스이즈머니)	시대인	2026년 01월	16,200
처음 배우는 유니티 6 2D 게임 만들기	고정운	시대인	2026년 01월	43,200
API부터 메시징까지, 실무 백엔드 개발자가 알아야 할 5가지 핵심 원리	김준서	콩콩 컴퍼니	2025년 12월	19,500
AI시대 교육혁명 : 태재대학교	염재호	태재대학교출판문화원	2026년 01월	13,500
LLM을 위한 프롬프트 엔지니어링	존 베리먼, 앨버트 지글러, 김정인	제이펍	2026년 01월	25,200
프롬프트를 만드는 프롬프트 GPTs & Gems	민진홍, 국난아, 김진수	성안당	2025년 12월	24,300
AI를 움직이는 수학 이야기	후루시마 도오루, 하승민	한빛미디어	2025년 12월	29,700
AI와 음악 교육	윤관기	커뮤니케이션북스	2025년 12월	12,000
Google로 수업을 바꾸는 교사들의 시크릿	정진아, 권재범, 김학민, 박빛나, 박오종, 정보 더 보기/감추기, 정진아, 권재범, 김학민, 박빛나, 박오종, 심하루, 강경욱	교사크리에이터협회	2025년 12월	18,900
회사에서 바로 통하는 파워포인트 FOR STARTERS	이화진	한빛미디어	2025년 12월	15,300
2026 AI 교육 트렌드	박소이, 유영걸, 오유나, 김영준, 김정환, 정보 더 보기/감추기, 박소이, 유영걸, 오유나, 김영준, 김정환, 정나래, 한창훈	길벗	2025년 12월	22,500
파이썬으로 시작하는 인공지능 기초 수업	채상미, 우범윤, 이준용	길벗	2025년 11월	22,500
일 잘하는 엔지니어의 생각 기법	캐리 밀샙, 장현희	책만	2025년 11월	22,500
C# 스크립트를 활용한 유니티 6 개발	렘 애퍼슨, 장세윤	에이콘출판사	2025년 11월	37,800
쉽게 배우고 바로 쓰는 에듀테크 첫걸음	조종현, 박미지, 김승길	성안당	2025년 11월	16,200
바이브 코딩 너머 개발자 생존법: 개발자는 사라지지 않는다, 진화한다	애디 오스마니, 강민혁	한빛미디어	2025년 11월	20,700
멘토시리즈 일러스트레이터	코리아교육그룹 연구소	코리아교육그룹	2025년 09월	25,200
MCP 실전 활용 & 서버 개발 핵심 가이드	AI튜터랩	위키북스	2025년 11월	25,200
그림으로 이해하는 챗GPT 구조와 기술	나카타니 슈요, 박광수	길벗	2025년 11월	21,600
챗GPT, 저는 이렇게 쓰고 있어요	최소영	길벗	2025년 11월	16,920
똑똑한 파이썬	황재호, 황예린	인포앤북	2025년 11월	19,800
회사에서 바로 통하는 엑셀 FOR STARTERS	전미진	한빛미디어	2025년 10월	15,300
실무에 바로 쓰는 일잘러의 챗GPT 프롬프트 74가지	이석현	제이펍	2025년 10월	19,800
유니티 교과서	김은철, 기타무라 마나미, 유세라	길벗	2025년 10월	29,700
스케치업 2025 with Ruby+Twinmotion	황두환	시대인	2025년 10월	25,200
AI로 만드는 나만의 그림책	민진홍, 국난아	성안당	2025년 10월	22,500
요즘 당근 AI 개발	당근 팀	골든래빗	2025년 10월	19,800
된다! 네이버 스마트스토어	이경근	이지스퍼블리싱	2025년 10월	21,600
Do it! 커서로 시작하는 AI 코딩 입문	고경희	이지스퍼블리싱	2025년 09월	20,700
마인크래프트 RPG 만들기	우마공 운영진	영진닷컴	2025년 09월	17,820
블렌더 3D CG 애니메이션 실전 입문	나츠모리 카츠, 김모세	AK(에이케이 커뮤니케이션즈)	2025년 09월	37,810
VPython으로 시작하는 융합 시뮬레이션 수업	송석리, 박솔애	길벗	2025년 09월	22,500
데이터 시각화와 탐색 with POWER BI 3rd	마경근, 서주란	영진닷컴	2025년 09월	27,000
AI 캡컷	민지영, 문수민, 앤미디어	생능북스	2025년 09월	23,400
코딩 자율학습 리액트 프런트엔드 개발 입문	김기수	길벗	2025년 09월	37,800
회사에서 바로 통하는 오토캐드 AutoCAD 2026	심미현	한빛미디어	2025년 08월	26,100
실전! 프로젝트로 배우는 딥러닝 컴퓨터비전	김혜진, 왕진영	위키북스	2025년 08월	31,500
오늘을 남기는 기록, 스마트폰 사진 촬영&보정	민썸	이지스퍼블리싱	2025년 08월	18,900
AI와 심리상담	황매향	커뮤니케이션북스	2025년 08월	11,400
MS 365의 모든 것	이상민, 김홍순, 강현욱	리더북스	2025년 07월	16,200
모두의 인공지능 with 파이썬	이영호	길벗	2025년 07월	27,000
스포츠, AI와 동행하다	크리스 브래디, 카를 튈스, 샤예간 오미드샤피예, 박재현, 이태구, 정보 더 보기/감추기, 크리스 브래디, 카를 튈스, 샤예간 오미드샤피예, 박재현, 이태구, 구멍가게 코딩단	성안당	2025년 07월	18,000
암호, 비밀을 지키는 과학	파노스 루리다스, 안동현	프리렉	2025년 07월	19,800
파인만의 컴퓨터 강의	리처드 파인만, 토니 헤이, 서환수	한빛미디어	2025년 06월	26,100
게임 UI 디자인 교과서	이은정, 김범석	길벗캠퍼스	2025년 06월	33,000
처음이야? 파이썬 데이터 분석	윤영빈, 이용희, 오환	영진닷컴	2025년 06월	19,800
AI와 비판적 포스트휴머니즘	박휴용	커뮤니케이션북스	2025년 06월	12,000
선생님을 위한 교육용 AI 챗봇 활용법	임세범, 박지은, 나희정, 조정연	앤써북	2025년 06월	20,250
한 권으로 끝내는 직장인 필수 IT 지식	정명림, 김효섭, 박준영, 이수현, 박지은, 정보 더 보기/감추기, 정명림, 김효섭, 박준영, 이수현, 박지은, 이지성	비제이퍼블릭(BJ퍼블릭)	2025년 05월	24,750
59가지 통계학 궁금증 완전 정복	황성원	길벗	2025년 05월	21,600
러닝 랭체인	메이오 오신, 누노 캄포스, 강민혁	한빛미디어	2025년 05월	25,200
코딩 자율학습 컴퓨터 구조와 운영체제	기술노트 알렉	길벗	2025년 05월	23,400
AI x 창의성: 미술·혁신·교육	박지숙	아트브릿지	2025년 04월	17,820
아이패드 드로잉으로 기록하는 일상의 조각들	이이오	한빛라이프	2025년 05월	19,800
주니어 백엔드 개발자가 반드시 알아야 할 실무 지식	최범균	한빛미디어	2025년 04월	25,200
모두의 딥러닝	조태호	길벗	2025년 04월	26,100
맥킨지의 로지컬 라이팅	아카바 유지, 이지현	유엑스리뷰	2025년 04월	20,700
생성 AI를 활용한 나만의 콘텐츠 만들기	김민후	영진닷컴	2025년 04월	22,500
쉽고 빠르게 익히는 실전 LLM	시난 오즈데미르, 신병훈	한빛미디어	2025년 03월	27,000
선생님을 위한 8282 업무 자동화 with AI+파이썬+노코드	강우혁, 김송희, 서승희, 송석리, 한솔, 정보 더 보기/감추기, 강우혁, 김송희, 서승희, 송석리, 한솔, 한준구, 황수빈	골든래빗	2025년 04월	25,200
UX/UI 디자인 완벽 가이드: UI, 인터랙션, 프로토타이핑 편	조성봉, 이정은	위키북스	2025년 03월	25,200
일반통계학	서울대학교 자연과학대학 통계학과	한빛아카데미	2025년 03월	35,000
개념탑재 오토캐드	정인수, 이승열, 김애림, 이예진	피앤피북	2025년 02월	22,500
Kotlin in Action 2/e	세바스티안 아이그너, 로만 엘리자로프, 스베트라나 이사코바, 드미트리 제메로프, 오현석	에이콘출판사	2025년 02월	43,200
띠웅's 타이포그래피 with 프로크리에이트	띠웅	다산스마트에듀	2025년 01월	22,500
된다! 맥북&아이맥 - 맥OS 세쿼이아 판	쌤쌤티비, 케이트	이지스퍼블리싱	2025년 01월	17,100
150분이면 충분한 중고등학교 기초 수학	요네다 마사타카, 손민규	제이펍	2025년 01월	18,000
만들면서 배우는 아두이노와 40개의 작품들	장문철	앤써북	2024년 12월	22,950
파이썬으로 탐구하는 지구과학 데이터 분석 & 시각화	심원재, 손현준	비제이퍼블릭(BJ퍼블릭)	2024년 12월	28,800
고작 다섯 명이 한 말을 어떻게 믿어요?	송라영	한빛미디어	2024년 12월	20,700
앱인벤터로 20가지 인공지능 앱 만들기 with ChatBot과 생성형AI	김수연, 전진아, 장문철	앤써북	2024년 12월	16,920
실무에 바로 쓰는 일잘러의 제안서 작성법	박서윤	제이펍	2024년 11월	15,120
AGI의 시대	한상기	한빛미디어	2024년 11월	19,800
된다! 7일 실무 워드	이충욱	이지스퍼블리싱	2024년 11월	16,200
한 권으로 배우는 게임 프로그래밍	박태준, 박효재, 윤하연	한빛미디어	2024년 10월	25,200
이게 되네? 업무 자동화 미친 활용 앱스 스크립트 with 챗GPT	서휘승	골든래빗	2024년 11월	28,800
규칙으로 배우는 임베디드 시스템: 기초 DSP와 제어 시스템	장선웅	북랩	2024년 10월	25,200
무조건 쿠팡에서 팔아라 그래야 산다	하지혜, 오대장	우리네삶	2026년 01월	21,600
밑바닥부터 시작하는 딥러닝 5	사이토 고키, 개앞맵시	한빛미디어	2024년 10월	29,700
그림으로 이해하는 시스템 설계	이시구로 나오키, 서수환	길벗	2024년 09월	19,800
콘셉트로 풀어내는 소프트웨어 디자인	다니엘 잭슨, 이정표	에이콘출판사	2024년 09월	25,200
잘 읽히는 보고서 문장의 비밀	임영균	한빛미디어	2024년 08월	16,200
Do it! HTML+CSS+자바스크립트 웹 표준의 정석	고경희	이지스퍼블리싱	2024년 07월	28,800
색 잘 쓰는 디자이너	고바야시 레나, 강아윤	이지스퍼블리싱	2024년 08월	16,200
혼자 해도 프로처럼 잘 만드는 굿즈 제작 비법	박정아	한빛미디어	2024년 06월	19,800
엔트리 인공지능 with 햄스터 로봇	강윤지, 박찬규, 강성웅, 김원유, 심재민, 정보 더 보기/감추기, 강윤지, 박찬규, 강성웅, 김원유, 심재민, 김연구, 홍성용, 김경상, 정인재, 박광현	영진닷컴	2024년 05월	16,200
일잘러의 비밀, 구글 스프레드시트 제대로 파헤치기	강남석	한빛미디어	2024년 06월	25,200
기계는 어떻게 생각하는가? (리커버판)	숀 게리시, 이수겸	이지스퍼블리싱	2024년 05월	16,200
이모티콘 작가 되기 with 프로크리에이트	박재이	리얼북스	2024년 05월	15,120
챗GPT 프롬프트 120% 질문 기술	ChatGPT 비즈니스 연구회, 김모세	정보문화사	2024년 04월	13,500
코딩 테스트 합격자 되기 - C++ 편	박경록	골든래빗	2024년 05월	40,500
DSLR&미러리스 사진&영상 촬영백과	김용만	성안당	2024년 04월	34,200
마인크래프트 초보자 가이드 New Edition	Mojang Studio, 이주안	영진닷컴	2024년 04월	13,500
UX/UI의 10가지 심리학 법칙	존 야블론스키, 이미령	책만	2024년 04월	16,200
컴퓨터 밑바닥의 비밀	루 샤오펑, 김진호	길벗	2024년 03월	29,700
생성형 인공지능과 함께하는 사회정서학습	박찬, 김병석, 전은경, 전수연, 강윤진, 정보 더 보기/감추기, 박찬, 김병석, 전은경, 전수연, 강윤진, 김지용	다빈치books	2024년 03월	19,800
만들면서 배우는 워드프레스	박현우	한빛미디어	2024년 03월	26,100
누구나 따라할 수 있는 기막힌 중국 구매대행 + 수입판매 끝장 매뉴얼	이윤섭, 손승엽	앤써북	2024년 02월	15,930
가상 면접 사례로 배우는 머신러닝 시스템 설계 기초	알리 아미니안, 알렉스 쉬, 최종일	인사이트(insight)	2024년 02월	24,300
수학자와 함께하는 인공지능 수학 with 파이썬	김종락, 원병선	한빛아카데미	2024년 01월	32,000
밑바닥부터 시작하는 딥러닝 4	사이토 고키, 개앞맵시	한빛미디어	2024년 01월	27,000
Do it! 시뮬레이터+키트로 완성하는 아두이노 입문	박필준	이지스퍼블리싱	2024년 01월	22,950
팅커캐드 3D 디자인&코딩	이상범	REXmedia(렉스미디어)	2024년 01월	12,600
결정적 사건으로 배우는 암호학	윤진, 이솔	골든래빗	2024년 01월	18,000
가상 면접 사례로 배우는 대규모 시스템 설계 기초 2	알렉스 쉬, 산 람, 이병준	인사이트(insight)	2024년 01월	32,400
Do it! 데이터 분석을 위한 판다스 입문	다니엘 첸, 시진	이지스퍼블리싱	2023년 11월	22,500
된다! 책 만들기 with 인디자인	김혜린	이지스퍼블리싱	2023년 09월	19,800
문제 해결을 위한 알고리즘 with 수학	요네다 마사타카, 윤인성	위키북스	2023년 09월	37,800
클립 스튜디오 입문 교실	사이도런치, 고영자	영진닷컴	2023년 09월	20,700
자동화 마케팅 무작정 따라하기	신태순, 조수현	길벗	2023년 09월	19,800
네이버 키워드 상위노출 비법	조영빈	디지털북스	2023년 09월	18,000
나는 파이썬으로 머신러닝한다 2	장병철, 이지항, 박지훈, 최정원	씨마스	2023년 09월	20,700
“OECD 교육 2030” & “2022 개정 교육과정” 미래 교육 나침반	지미정	앤써북	2023년 09월	15,930
가장 쉬운 이모티콘 만들기	정수진	정보문화사	2023년 09월	19,800
개발자와의 협업을 위한 IT 필수 지식	최선신	영진닷컴	2023년 08월	15,300
상상을 실현하는 로블록스 게임 만들기	강태훈, 장준하, D.LAB	한빛미디어	2023년 08월	19,800
로블록스 타워맵 만들기	노페어(Nofair)	디지털북스	2023년 08월	20,700
사실은 이것도 디자인입니다	김성연(우디)	한빛미디어	2023년 07월	17,100
모던 로보틱스	케빈 M. 린치, 박종우, 이병호, 윤상웅, 권재운, 정보 더 보기/감추기, 케빈 M. 린치, 박종우, 이병호, 윤상웅, 권재운, 김영훈, 김종민, 임중빈, 손민준, 정진, 이상현, 양우성	에이콘출판사	2023년 05월	45,000
이것이 C#이다	박상현	한빛미디어	2023년 05월	32,400
파이썬 라이브러리를 활용한 데이터 분석	웨스 맥키니, 김영근	한빛미디어	2023년 05월	35,100
마인크래프트 놀라운 발명품 만들기	Mojang Studio	영진닷컴	2023년 04월	14,400
진짜 쓰는 일러스트레이터	서영열	제이펍	2023년 02월	21,600
HTML5 + CSS3 + JavaScript로 배우는 웹프로그래밍 기초	천인국	인피니티북스	2023년 01월	33,000
혼자 공부하는 데이터 분석 with 파이썬	박해선	한빛미디어	2023년 01월	23,400
라즈베리파이 피코, 마이크로파이썬을 만나다	허경용	제이펍	2022년 12월	22,500
트랜스포머를 활용한 자연어 처리	루이스 턴스톨, 레안드로 폰 베라, 토마스 울프, 박해선	한빛미디어	2022년 11월	35,100
한눈에 보이는 블록체인 그림책	한선관, 이정원, 장명현	성안당	2022년 11월	20,700
로블록스 루아 프로그래밍 첫 발자국 떼기	ROBLOX, 진석준	에이콘출판사	2022년 11월	31,500
Do it! 자료구조와 함께 배우는 알고리즘 입문 C 언어 편 (전면 개정판)	시바타 보요, 강민	이지스퍼블리싱	2022년 10월	21,600
Do it! C# 프로그래밍 입문	박필준	이지스퍼블리싱	2022년 10월	18,000
초등학생을 위한 인공지능 지식 76	김영현, 최정을	길벗	2022년 10월	14,400
양자계산과 양자정보	마이클 닐슨, 아이작 추앙, 이승준	에이콘출판사	2022년 10월	62,100
누구나 할 수 있는 유니티 2D 게임 제작	STUDIO SHIN, 윤준	제이펍	2022년 10월	26,100
인공지능과 뇌는 어떻게 생각하는가	이상완	솔	2022년 09월	19,800
현업 기획자 마이즈가 알려주는 게임 기획 스쿨	김현석	초록비책공방	2022년 08월	21,600
이것이 자료구조+알고리즘이다 with C 언어	박상현	한빛미디어	2022년 08월	30,600
디지털 일러스트 무기 아이디어 사전	사이도런치, 김재훈	한스미디어	2022년 07월	16,200
모두의 깃&깃허브	강민철	길벗	2022년 07월	18,000
혼자 해도 프로 작가처럼 잘 그리는 아이패드 드로잉 with 프로크리에이트	박정아	한빛미디어	2022년 06월	19,800
나는 파이썬으로 머신러닝한다 1	최정원, 박지훈	씨마스	2022년 06월	19,800
무조건 돈 버는 카카오 이모티콘 만들기	김나무	중앙북스(books)	2022년 06월	15,750
자동차 인터페이스 디자인	박수레	책만	2022년 05월	15,120
직장인을 위한 실무 구글 스프레드시트	진은영	길벗	2022년 05월	20,700
로블록스 개발 첫 발자국 떼기	ROBLOX, 이진오	에이콘출판사	2022년 05월	31,500
Do it! 점프 투 파이썬 라이브러리 예제 편	박응용	이지스퍼블리싱	2022년 05월	23,400
실무자를 위한 그래프 데이터 활용법	데니즈 고즈넬, 마티아스 브뢰헬러, 우정은	한빛미디어	2022년 05월	33,300
Do it! 쉽게 배우는 파이썬 데이터 분석	김영우	이지스퍼블리싱	2022년 05월	20,700
알기 쉬운 조명 교과서	김대욱	에이콘출판사	2022년 03월	19,000
솔리드웍스 50시간 완성 (모델링편)	신동진	피앤피북	2022년 03월	18,000
헤드 퍼스트 디자인 패턴	에릭 프리먼, 엘리자베스 롭슨, 서환수	한빛미디어	2022년 03월	32,400
아티스트를 위한 유니티 URP 셰이더 입문	이상원	비엘북스	2022년 02월	30,600
스타트 파이썬	황재호	인포앤북	2022년 02월	18,900
이득우의 게임 수학	이득우	책만	2022년 02월	40,500
하나씩 천천히, 디지털 드로잉	서은숙	혜지원	2022년 02월	15,300
나도 한다! 아이패드로 시작하는 만화 그리기 with 클립스튜디오	아오키 도시나오, 일본콘텐츠전문번역팀	므큐	2022년 01월	16,200
혼자 공부하는 R 데이터 분석	강전희, 엄동란	한빛미디어	2022년 01월	19,800
컴퓨팅 사고력을 키우는 이산수학	박주미	한빛아카데미	2021년 12월	29,000
CDT 코딩창의개발능력 3급 엔트리	해람북스 기획팀	해람북스	2022년 01월	14,400
된다! 깨비의 DSLR & 미러리스 사진 수업	박기덕	이지스퍼블리싱	2022년 01월	16,200
당당한 디자인 결정을 위한 9가지 방법	톰 그리버, 김민성, 곽서희	한빛미디어	2021년 12월	19,800
픽셀아트 배경 그리는 법	APO+, MOTOCROSS SAITO, SETAMO, 이석호	AK(에이케이 커뮤니케이션즈)	2021년 11월	25,200
따라하며 배우는! 퓨전 Fusion 360 입문	김혜숙, 주형권, 김보영	한국ATC센터	2021년 11월	24,300
인벤터 50시간 완성 (조립·도면편)	신동진	피앤피북	2022년 01월	18,000
Do it! 인터랙티브 웹 페이지 만들기	최성일	이지스퍼블리싱	2021년 08월	25,200
모두의 마이크로비트	아이씨뱅큐, 에스엔소프트	길벗	2021년 04월	19,800
아두이노 자율주행 RC카 만들고 직접 코딩하기 [완전 개정판]	서민우, 박준원	앤써북	2020년 12월	18,000
밑바닥부터 시작하는 딥러닝 3	사이토 고키, 개앞맵시	한빛미디어	2020년 11월	34,200
실무에 바로 쓰는 일잘러의 보고서 작성법	김마라	제이펍	2020년 11월	16,200
양자 컴퓨터 원리와 수학적 기초	크리스 베른하트, 이정문	에이콘출판사	2020년 08월	22,500
딥러닝을 위한 선형대수학	길버트 스트랭, 부산대학교 산업수학센터(FFMIMC)	한빛아카데미	2020년 08월	34,200
Do it! 자료구조와 함께 배우는 알고리즘 입문 : 파이썬 편	시바타 보요, 강민	이지스퍼블리싱	2020년 07월	19,800
SQL 전문가 가이드	한국데이터산업진흥원	한국데이터산업진흥원	2021년 03월	50,000
디지털 리터러시 교실	박일준, 김묘은	북스토리	2020년 04월	18,000
세럼 사운드 디자인 비법	김경윤, 오석빈	위키북스	2020년 04월	25,200
단단한 강화학습	리처드 서튼, 앤드류 바르토, 김성우	제이펍	2020년 03월	31,500
엑셀 기초	(주)지아이에듀테크	아이콕스(iCox)	2020년 01월	9,900
한권으로 파이썬 데이터 사이언스 입문 AtoZ	문성혁, 문용준	잇플ITPLE	2020년 01월	26,100
임베디드 OS 개발 프로젝트	이만우	인사이트(insight)	2019년 12월	21,600
된다! 파워포인트 실무의 신	김지훈, 김봉정, 박성용	이지스퍼블리싱	2019년 12월	17,550
다시 미분 적분	나가노 히로유키, 장진희	길벗	2019년 07월	16,200
오브젝트	조영호	위키북스	2019년 06월	34,200
서브스턴스 페인터 시작하기	이경민	비엘북스	2019년 05월	31,500
프로그래머, 수학으로 생각하라	유키 히로시, 안동현	프리렉	2018년 07월	18,000
전자공학 만능 레시피	사이먼 몽크, 이하영	인사이트(insight)	2018년 06월	28,800
알고리즘으로 배우는 인공지능, 머신러닝, 딥러닝 입문	김의중	위키북스	2016년 07월	24,300
게임 프로그래밍 패턴	로버트 나이스트롬, 박일	한빛미디어	2016년 06월	31,500
게임 프로그래머로 산다는 것	김성완, 정재원, 이국현, 김상천, 김용준, 최영준	로드북	2016년 03월	14,400
C 언어 프로그래밍	Brian W. Kernighan, Dennis M. Ritchie, 김석환, 박용규, 최홍순	휴먼싸이언스	2016년 02월	25,000
컴퓨터 프로그램의 구조와 해석	해럴드 애빌슨, 제럴드 제이 서스먼, 줄리 서스먼, 김재우, 안윤호, 김수정, 김정민, 이광근	인사이트(insight)	2016년 01월	38,700
Effective C++ 이펙티브 C++	스콧 마이어스, 곽용재	프로텍미디어	2015년 03월	26,000
린 분석	앨리스테어 크롤, 벤저민 요스코비츠, 위선주	한빛미디어	2014년 01월	25,200
패턴 랭귀지	크리스토퍼 알렉산더, 사라 이시가와, 머레이 실버스타인, 이용근, 양시관, 이수빈	인사이트(insight)	2013년 07월	36,000
신나고 재미있는 타자연습장	웰북교재연구회	웰북	2013년 02월	6,300
좋아 보이는 것들의 비밀 Good Design 굿 디자인	최경원	길벗	2012년 03월	19,800
개발자도 알아야할 소프트웨어 테스팅 실무	권원일, 이현주, 최승희, 이승호, 박은영, 조현길	STA(소프트웨어테스팅연구소)	2010년 09월	26,600
데이타베이스 시스템	이석호	정익사	2014년 08월	34,200
AI 이해력	박민경	로드북	2026년 05월	22,500
AI와 화학제품 독성 예측	서명원	커뮤니케이션북스	2026년 07월	12,000
AI 에이전트와 애플리케이션	로베르토 인판테, 이병욱	에이콘출판사	2026년 06월	36,000
누구나 이해하는 클라우드 인프라 지식 사전	바바 도시아키, 김완섭	한빛미디어	2026년 06월	29,700
LUVIT♥ EPL과 유튜브 데이터로 배우는 DuckDB	이기준	제이펍	2026년 06월	27,000
하루 30분, 나는 제미나이로 돈을 번다	김민규	한빛미디어	2026년 03월	17,100
로봇, 그리고 로봇을 사랑하는 사람들	이브 헤롤드, 김창규	현암사	2026년 03월	18,000
코딩으로 피어나는 스마트팜 with 인공지능	표정완, 장원규	딩코랩	2026년 02월	20,900
멘토시리즈 진짜 포토샵+with AI	코리아교육그룹 연구소	코리아교육그룹	2026년 01월	25,200
라즈베리파이로 만드는 인공지능과 사물인터넷	장문철	먼슬리북스	2026년 03월	20,250
ChatGPT와 아두이노로 만드는 AI 음성비서	장문철	먼슬리북스	2026년 01월	17,550
노션 템플릿 상점	Rei, 노슈니	길벗	2025년 07월	19,800
이게 되네? 챗GPT 미친 기획 X 마케팅 59제	이나현, 황성민	골든래빗	2025년 06월	23,400
나는 해외구매대행으로 한 달에 월급을 두 번 받는다	제노	위키북스	2024년 11월	21,600
대치동 엄마들도 모르는 AI 활용법 2	이종구, 이정화, 김찬곤, 한금화, 도윤서, 정보 더 보기/감추기, 이종구, 이정화, 김찬곤, 한금화, 도윤서, 오지성, 조현주, 배은영(밸라쌤), 박찬두	디지털콘텐츠그룹	2026년 07월	24,300
대치동 엄마들도 모르는 AI 활용법 1	박찬두, 배은영(밸라쌤), 조현주, 오지성, 도윤서, 정보 더 보기/감추기, 박찬두, 배은영(밸라쌤), 조현주, 오지성, 도윤서, 한금화, 김찬곤, 이정화, 이종구	디지털콘텐츠그룹	2026년 07월	19,800
나는 AI 에이전트 팀과 일한다	박현아	제이펍	2026년 07월	23,400
AI와 라이프 아크 (큰글자책)	노유진	커뮤니케이션북스	2026년 07월	25,000
AI 창업 퍼실리테이터 (큰글자책)	이명관, 박상혁	커뮤니케이션북스	2026년 07월	25,000
AI 리터러시 수업	배장섭	어가	2026년 07월	20,000
AI 시대의 재난 현장 (큰글자책)	이대호	커뮤니케이션북스	2026년 07월	25,000
AI와 사회정서학습	최철웅	커뮤니케이션북스	2026년 07월	12,000
인간지능 : AI의 협업과 소버린 AI	이헌구, 이동일	커뮤니케이션북스	2026년 07월	12,000
2026 챗GPT 업무 활용 마스터	강승우	삼일인포마인	2026년 07월	20,000
AI 에이전트로 만드는 멀티미디어 전자책	황원판	BOOKK(부크크)	2026년 06월	34,000
AI 시대, 방송콘텐츠 교육	박민서, 이승현	커뮤니케이션북스	2026년 07월	12,000
우분투 리눅스	이종원	한빛아카데미	2026년 06월	35,000
AI도 모르는 글쓰기: 초안을 완성으로 바꾸는 AI 협업 글쓰기	정나래	한빛미디어	2026년 06월	19,800
유아 놀이와 AI 교육	최수연	커뮤니케이션북스	2026년 06월	12,000
목회사역 AI 프롬프트 모음집	이희준	BOOKK(부크크)	2026년 06월	18,000
윈도우 포렌식 수사	이승무	(주)박영사	2026년 06월	42,000
디지털 혁신을 이끄는 정보화전략계획 (ISP)	이장영	좋은땅	2026년 06월	58,500
문구의 세계	문구 제조사 노우토,  타카기 요시노리, 고영자	영진닷컴	2026년 06월	18,000
챗GPT와 제미나이 그리고 AI 숏폼 동영상 제작과 활용법의 인공지능 입문 실무 업무 자동화 왕초보 입문 3종 패키지	액션미디어 편집부	액션미디어	2026년 06월	49,800
공간 컴퓨팅: XR 인터랙션 디자인	박동윤	에이콘출판사	2026년 06월	30,600
중소기업의 AI 활용 실무	배용일	BOOKK(부크크)	2026년 06월	24,000
비전공자를 위한 클라우드 컴퓨팅	백지석	BOOKK(부크크)	2026년 06월	21,000
디자이너를 위한 AI 디자인 크리에이티브 아트워크	정승용	제이펍	2026년 06월	22,500
스마트폰 완벽 가이드 (2026최신판)	최신만	디지털콘텐츠그룹	2026년 06월	18,000
지방의정 AI로 혁신하라	원성묵	새빛	2026년 06월	18,000
AX 에이전트 경영	황영오	미디어북	2026년 05월	24,000
AI와 기독교 교육	이성아	커뮤니케이션북스	2026년 06월	12,000
AI를 길들이는 법	장의웅	BOOKK(부크크)	2026년 06월	17,300
처음이지만 프로처럼 쓰는 n8n	곽지호(단테)	디지털북스	2026년 06월	29,700
스마트폰으로 배우는 챗GPT & 생성형 AI	안은진	아티오	2026년 06월	13,500
여보! 코딩은 바이브야!	김응	BOOKK(부크크)	2026년 06월	19,500
예제가 가득한 챗GPT with 클로드 길라잡이	이승우	정보문화사	2026년 06월	15,120
얄팍한 AI 지식 쌓기	김도균	ADK FIRST	2026년 05월	15,120
청소년을 위한 바로 써먹는 필수 AI 활용법	김환	알파에듀	2026년 06월	15,120
초보도 바로 되는 AI 콘텐츠	이도혜, 김인호, 문정수, 바울, 육화영, 정보 더 보기/감추기, 이도혜, 김인호, 문정수, 바울, 육화영, 이성열, 이수진, 이진영, 정지연, 노수승, 배경수, 김진선	미디어북	2026년 05월	20,000
디지털 금융 보안과 데이터 거버넌스	이기혁, 장항배	진한엠앤비	2026년 06월	23,750
실전 50개 프로젝트로 배우는 바이브 코딩	김선철, AI	BOOKK(부크크)	2026년 05월	26,600
스마트한 시니어를 위한 엑셀과 파워포인트 흑백판	차혜원	BOOKK(부크크)	2026년 05월	20,000
AI와 과학관	손성근, 김민환, 김상우	커뮤니케이션북스	2026년 05월	12,000
크리에이터 김연지의 돈 되는 AI 콘텐츠 설계	김연지	한빛비즈	2026년 05월	18,000
AI를 이기는 개발자 커리어 관리 가이드	강승현	제이펍	2026년 06월	21,600
AI로 나만의 3D 애니메이션 만들기	김희령	로드북	2026년 05월	24,300
비전공자를 위한 네트워크 기초	백지석	BOOKK(부크크)	2026년 05월	20,000
하나면 다 된다 제미나이	앤미디어	성안당	2026년 05월	20,700
데이터 분석 오답 노트	주정민, 허현	영진닷컴	2026년 05월	22,500
나는 왜 개발자 말이 어려울까?	이프로	경이로움	2026년 05월	19,800
매출을 만드는 데이터 분석 with 챗GPT	조선미	길벗	2026년 05월	28,800
AI, 글쓰기, 저작권	정지우	마름모	2026년 05월	10,800
코어 스테이블코인	박재현, 박지수	한빛미디어	2026년 05월	21,600
LangGraph로 만드는 AI 에이전트 서비스	전상우, 정영훈, 서평원, 이정훈, 이민혁	성안당	2026년 05월	26,100
AI디톡스	정강재	BOOKK(부크크)	2026년 04월	21,600
내 손안에 일상이 되는 ChatGPT&Gemini	김아진, 윤이음	예문랩	2026년 05월	13,500
그림으로 배우는 리눅스	카와노 고토부키, 김성훈	영진닷컴	2026년 05월	18,000
클린 아키텍처 with 파이썬	샘 킨, 송영숙	한빛미디어	2026년 04월	29,700
AI와 청소년 윤리 교육	고정아	커뮤니케이션북스	2026년 04월	12,000
Access(액세스) VBA 길잡이	김중광	다솜출판사	2024년 04월	26,100
STATA를 활용한 정책평가	우석진, 김도형	지필출판사(지필미디어)	2026년 04월	34,000
다시 찾는 디지털 서비스를 만드는 8가지 법칙	권혜민	제이펍	2026년 04월	18,000
피지컬 AI와 에이전틱 AI가 바꾸는 미래	권오형, 최재용, 김보성, 김은희, 김재연, 정보 더 보기/감추기, 권오형, 최재용, 김보성, 김은희, 김재연, 나병인, 유채린, 임기정, 차승희, 최소은, 김진선	미디어북	2026년 04월	20,000
바이브 코딩 항해일지	동준상	에이콘출판사	2026년 04월	25,200
7일 단기 완성 해킹 입문	노미조 노미조, 심중은	제이펍	2026년 04월	25,200
제미나이(Gemini) 재미나게 활용하기	강신진, 서완석, 오정택	BOOKK(부크크)	2026년 04월	18,300
AI시대, 스토리텔링의 재탄생	김태원	파람북	2026년 04월	17,100
코지마 히데오의 게임론	브라이언 히카리 하츠하임, 문성호	AK(에이케이 커뮤니케이션즈)	2026년 04월	20,710
그냥 따라하다 배우는, 나노바나나 100선	이재용	비엘북스	2026년 04월	19,800
혼자 해도 프로 선생님처럼 잘 만드는 학교 수업 자료 with 미리캔버스	김태훈, 손민지, 유수근	한빛미디어	2026년 04월	20,700
프롬프트 지옥에서 탈출하는 Claude Code 개발 자동화 시스템	박현일, 조용현	BOOKK(부크크)	2026년 03월	37,000
콘텐츠 디자인 with 나노 바나나	홍순성	한빛미디어	2026년 04월	25,200
입상 교사만 아는 아무도 말해주지 않은 디지털교육연구대회 1등급의 비밀	강인성	앤써북	2026년 04월	15,120
Play! SOLIDWORKS 솔리드웍스 2026 Master	원동현	청담북스	2026년 03월	33,250
투닝	김은지	문화출판더하다	2026년 03월	19,800
예제가 가득한 제미나이 길라잡이	이승우	정보문화사	2026년 04월	15,120
랭체인으로 구현하는 AI 서비스 & 에이전트 개발 입문	ML_Bear, 손민규, 장하렴	영진닷컴	2026년 04월	25,200
스프링 부트 4 개발자 되기 + AI : 자바 편	신선영	골든래빗	2026년 04월	30,600
모두를 위한 진짜 쎈 바이브 코딩 with 인스타그램 클론 코딩	전병우, 박윤철, 노마드코알라	리코멘드	2026년 04월	25,200
누구나 쉽게 배우는 영상 편집 with 캡컷 PC 버전	김수진	아티오	2026년 04월	12,600
맛있는 디자인 프리미어 프로 CC 2026	심수진, 윤성우	한빛미디어	2026년 04월	24,300
네이버 블로그 첫걸음	전진수	혜지원	2026년 03월	15,300
30가지 예제로 따라 하며 배우는 ComfyUI 클라우드	여승호, 신무경	제이펍	2026년 03월	19,800
된다! 제미나이, 클로드, 챗GPT AI 챗봇 만들기	이재윤, 정해준	이지스퍼블리싱	2026년 03월	18,900
인과 데이터 사이언스	이석민	법문사	2026년 02월	30,000
AI 시대의 IT 로컬라이제이션	정성희, 오오코시 히토미	커뮤니케이션북스	2026년 03월	12,000
30일 완성 제미나이 업무 혁명	AI싱크클럽(이재만)	루비페이퍼	2026년 04월	23,400
생성형 AI 시대 수학 교육	유주연, 정민주	커뮤니케이션북스	2026년 03월	12,000
GPT-5와 ChatGPT로 시작하는 멀티모달 AI 프로그래밍 실전 입문	후루카와 히데카즈, 최용	위키북스	2026년 03월	28,800
A2A × MCP 멀티에이전트 오케스트레이션 실전	서지영	길벗	2026년 03월	29,700
상업용 AI 음악제작	최이진	노하우(도서출판)	2026년 03월	29,700
피지컬 AI 컴퓨팅 모빌리티 기초동작 편	김석진, 박경민, 신승호, 김학진	골든벨	2026년 03월	28,500
가상 면접 사례로 배우는 생성형 AI 서비스 설계	알리 아미니안, 하오 성, 김지호, 조윤민	인사이트(insight)	2026년 03월	30,600
아두이노제어 with generative AI	장인갑	내하출판사	2026년 03월	20,000
안티그래비티 바이브 코딩 입문	박규하	로드북	2026년 03월	22,500
AI 워커스: 리디자인	김아람	스마트북스	2026년 03월	22,500
Security Guide 2026 (V.21) - 공격용 AI vs 방어용 AI		(주)화산미디어	2026년 02월	28,500
요즘 직장인을 위한 실무 보고서 작성 비법	김태영	시프트	2026년 03월	18,000
5분 제미나이	오종현	한빛미디어	2026년 02월	21,600
슬기로운 교사 생활 구글 클래스룸 수업 활용법	유수근	골든래빗	2026년 03월	24,120
C++로 배우는 자료구조 및 알고리즘	Frank M. Carrano, 송하윤	프로텍미디어	2026년 02월	44,000
가장 쉬운 AI 앱 빌더 DIfy 실무 가이드	오노 사토시, 두발타고	AK(에이케이 커뮤니케이션즈)	2026년 02월	40,850
문제 해결의 힘, 컴퓨팅 사고력	한옥영	성균관대학교출판부(SKKUP)	2026년 02월	25,000
세상을 복제하는 공장, Physical AI 데이터팩토리	손병희	꾸그티처스	2026년 02월	13,500
요즘 디자인을 위한 포토샵 & 일러스트레이터 (큰글자책)	서영열	시프트	2026년 02월	85,000
누구나 쉽게 따라 하는 디지털 & AI	이정화, 남호정, 최상국, 하나	디지털콘텐츠그룹	2026년 02월	16,200
인벤터 설계	홍성기, 강민정	성안당	2026년 02월	24,300
포지션으로 읽는 리그오브레전드	홍승표	가나북스	2026년 03월	21,600
내 코드가 불안한 개발자를 위한 좋은 코드의 기준	모리 아츠시, 안동현	프리렉	2026년 02월	22,500
엑셀로 시작하는 데이터 분석과 업무 자동화	김철	영진닷컴	2026년 02월	28,800
AI와 함께라서	최원설, 이재하, 고은비	지식터	2026년 01월	18,000
어르신들을 위한 스마트폰 기초교실	디지털콘텐츠그룹 편집부	디지털콘텐츠그룹	2026년 02월	14,400
나노바나나로 AI툰 제작하기	김한재	비엘북스	2026년 02월	28,800
인간중심 AI	권유빈	커뮤니케이션북스	2026년 02월	12,000
허깅페이스로 배우는 멀티모달 모델	이정인, 정우준	디지털북스	2026년 03월	19,800
마법 같은 영상 제작을 위한 스마트폰 촬영 및 편집 with 캡컷 (큰글자책)	김지희	시프트	2026년 02월	48,000
누구나 쉽게 AI 작사 & 작곡 with 생성형 인공지능, 챗GPT, 수노, 유디오 (큰글자책)	현병욱(오땡큐), 신수진	시프트	2026년 02월	39,000
프리미어 프로 + 애프터 이펙트 CC 2026 무작정 따라하기	전은재, 민지영, 문수민, 앤미디어	길벗	2026년 02월	24,300
기본기부터 다시 새기는 러스트 특강	욘 옝세, 장현희	인사이트(insight)	2026년 02월	29,700
팔란티어처럼 해체하고 연결하고 장악하라	정관영	골든래빗	2026년 02월	21,600
생성형AI 프롬프트 디자인	한국생성형AI연구원	광문각출판미디어	2026년 02월	30,000
아두이노 프로그래밍	강성묵, 정보권	생능출판사	2026년 01월	35,000
AI로 차트, 그래프, 인포그래픽 한 번에 끝내기	이현	천그루숲	2026년 01월	16,200
그림으로 배우는 가상화 구조	스즈키 켄지, 무네무라 타쿠미, 마루야마 카츠야스, 오우 쇼, 김성훈	영진닷컴	2026년 01월	15,300
우리, 프로그래머들 We, Programmers	로버트 C. 마틴, 최희철	길벗	2026년 01월	27,900
IT@CookBook, 유니티 입문	이종원, 신유철, 이승환	한빛아카데미	2026년 01월	33,000
출근길에 읽고 퇴근길에 완성하는 바이브 코딩	노승헌	더 타이즈	2026년 02월	19,800
AI 프로젝트 100% 성공을 위한 체크리스트 17	유진호	책만	2026년 01월	25,200
AI 디자인 활용백과	채시은	스마트북스	2026년 01월	22,500
심리상담과 AI의 융합 (큰글자책)	이혜숙	커뮤니케이션북스	2026년 01월	25,000
네이버 블로그 역제안 가이드	마케터C(김명경)	한빛미디어	2026년 02월	19,800
마인크래프트 블록 완벽 가이드	Mojang Studio, 강세중	영진닷컴	2026년 01월	22,500
MK에디션 CES 2026	매일경제 CES 특별취재팀	매일경제신문사	2026년 01월	18,000
디지털 게임 레벨 디자인 가이드	김익환	다윈의서재	2026년 01월	65,000
AI와 심리적 안정감	원미영	커뮤니케이션북스	2026년 01월	12,000
인공지능이 답할 때 교육은 무엇을 묻는가	함영기	에듀니티교육연구소(에듀니티)	2026년 01월	18,000
모던 API 아키텍처 설계 전략	제임스 고프, 대니얼 브라이언트, 매튜 어번, 장현희	책만	2026년 01월	28,800
포토샵 & 일러스트레이터 & 인디자인 CC 2026	김경미, 최리진	생능북스	2026년 01월	22,500
코틀린&스프링 부트로 개발은 처음인데요	정보근	더 타이즈	2026년 01월	29,700
코딩런 반려동물키우기  with 엔트리	놀이교육콘텐츠랩	마린북스	2025년 12월	13,500
포토샵+일러스트레이터 CC 2026 무작정 따라하기	문수민, 민지영, 앤미디어, 전은재	길벗	2026년 01월	23,400
현직교사가 만든 가장 쉬운 미리캔버스 수업 활용! MiriCanvas(미리캔버스)로 무엇이든 만들 수 있다	김동은, 김효민, 박채린, 이희정, 임준열	광문각출판미디어	2025년 12월	21,000
리더는 AI에게 질문하지 않는다	김희연	북피움	2026년 01월	20,700
이펙티브 타입스크립트 2판	댄 밴더캄, 장원호	인사이트(insight)	2025년 12월	31,500
요즘 바이브 코딩 v0 + 커서 입문 PRD 기획·개발·배포, 일주일 완성	김동학	골든래빗	2026년 01월	25,200
AI 잘 쓰는 디자이너	전하린	이지스퍼블리싱	2025년 12월	18,900
따라 하면서 완성하는 AWS 인프라 구축 입문	최진영(럭키바닐라 3세)	위키북스	2026년 01월	31,500
Dify, 코딩 없이 AI 앱 개발의 시작	멀티코어, 조준희, 강장묵, 이상한, 윤철희	프리렉	2025년 12월	22,500
일잘러의 무기가 되는 엑셀 대시보드	최준선	한빛미디어	2025년 12월	24,300
주얼리 디자인을 위한 미드저니(Midjourney) 가이드	김규승	청담북스	2025년 11월	23,750
AI 자율학습 밑바닥부터 배우는 AI 에이전트	다비드스튜디오	길벗	2025년 12월	21,600
피지컬 AI 컴퓨팅 센서편	김석진, 박경민, 신승호	골든벨	2026년 01월	31,350
AI와 언어학	이은송	커뮤니케이션북스	2025년 12월	12,000
키득키득반반한 코딩 어린이스크래치&엔트리with 인터넷+AI	놀이교육콘텐츠랩	마린북스	2025년 11월	12,600
AI와 패션 디자인 (큰글자책)	마진주, 정연이	커뮤니케이션북스	2025년 12월	25,000
키득키득 반반한 OA 파워포인트&한글 with 인터넷+AI	놀이교육콘텐츠랩	마린북스	2025년 11월	12,600
AI 법률문서 작성법 : 형사사건편	김종엽	박영사	2025년 12월	28,000
요즘 바이브 코딩 제미나이 CLI 완벽 가이드	김진환	골든래빗	2025년 12월	23,400
Do it! HTML+CSS 웹 표준의 정석	고경희	이지스퍼블리싱	2025년 11월	26,550
한 권으로 끝내는 올인원 피그마	오시내	제이펍	2025년 12월	31,500
현직교사가 만든 가장 쉬운 캔바 수업 활용! 캔바로 무엇이든 만들 수 있다	이서영, 유상숙, 양지현, 이상현	광문각출판미디어	2025년 11월	19,000
Prisma로 배우는 TypeScript 데이터베이스 프로그래밍 Prisma ORM 입문	이규호	콩콩 컴퍼니	2025년 10월	29,400
공공기관 업무혁신을 위한 AI플레이북	신철, 김용환, 권영우, 최은호, 전영달, 윤기영, 김근오	6G웰니스	2025년 11월	20,700
AI와 무용 교육	김경미	커뮤니케이션북스	2025년 11월	12,000
도메인 주도 설계를 위한 함수형 프로그래밍	스콧 블라신, 박주형	제이펍	2025년 11월	28,800
PyTorch로 배우는 딥러닝과 생성형 AI	박유성	자유아카데미	2025년 11월	43,000
직장인을 위한 미드저니 이미지 & 영상 제작	고희청, 박범희	성안당	2025년 11월	24,300
파이썬 for Beginner	우재남	한빛아카데미	2025년 11월	26,000
AI 개발자가 되고 싶으세요?	배휘동, 홍석용, 오현우, 정금호, 최남규, 정보 더 보기/감추기, 배휘동, 홍석용, 오현우, 정금호, 최남규, 김성완	로드북	2025년 11월	22,500
레트로 게임 만들기 with 파이썬	조수현, 김이현, 이승현, 노근우	루비페이퍼	2025년 11월	31,500
바이브 코딩	이석현	아이콕스(iCox)	2025년 11월	24,300
운영체제	박규석, 배인한, 김영찬	생능출판사	2025년 11월	28,000
PLAY! SOLIDWORKS 2026 ASSEM&DRAW BASIC	원동현	청담북스	2025년 10월	19,000
PLAY! SOLIDWORKS 2026 PART BASIC	원동현	청담북스	2025년 10월	20,900
핸즈온 바이브 코딩	정도현	한빛미디어	2025년 10월	19,800
파이썬으로 시작하는 머신러닝+딥러닝	강지영	아이리포	2025년 11월	25,200
이것이 UX/UI 디자인이다	조성봉	위키북스	2025년 10월	31,500
코딩 1도 몰라도 커서 AI와 대화하며 7가지 프로그램 만들기	이상용, 정동진	앤써북	2025년 10월	16,200
SAP Public Cloud와 Private Cloud Edition 완전 정복	권영근	북랩	2025년 10월	31,500
AI 음악 생성기, 수노(큰글자책)	양종모, 박은비	커뮤니케이션북스	2025년 10월	25,000
AI와 정밀 의료	김효정	커뮤니케이션북스	2025년 10월	12,000
나노 바나나	문수민, 박범희, 앤미디어	생능북스	2025년 11월	21,600
AI와 전문직의 미래	김예성	커뮤니케이션북스	2025년 10월	12,000
가장 상세한 엑셀 함수 대백과	쿠니모토 아츠코, 류승우	영진닷컴	2025년 10월	25,200
한글 2022	전경숙	교학사	2025년 10월	13,500
스타트업 서비스 설계는 처음인데요	강대명	더 타이즈	2025년 10월	29,700
리액트, Next.js로 완성하는 프론트엔드	강경석	영진닷컴	2025년 10월	32,400
예제로 배우는 CATIA V5 기초	김한승, 강병호, 김창완	좋은땅	2025년 02월	19,800
UX 교과서	앤서니 콘타, 이미령	길벗	2025년 10월	29,700
할루시네이션을 줄여주는 프롬프트 엔지니어링	한성민	한빛미디어	2025년 09월	28,800
돈 되는 AI, 어디서부터 무엇을 어떻게 해야 할까	장동인	리코멘드	2025년 09월	22,500
AI와 미술 교육	손지현	커뮤니케이션북스	2025년 09월	12,000
디지털 마케팅 용어 도감	다케우치 테츠야, 김모세	정보문화사	2025년 09월	20,700
코딩테스트로 배우는 파이썬 문제 풀이로 문법과 알고리즘을 한 번에 끝내는 실전 입문서	엄가온	콩콩 컴퍼니	2025년 09월	19,300
요즘 개발자를 위한 시스템 설계 수업	디렌드라 신하, 테자스 초프라, 양문규	길벗	2025년 09월	31,500
AI와 여가·관광	이정은	휴먼북스(교재)	2025년 08월	20,000
크리핵티브의 한 권으로 끝내는 웹 해킹 바이블	하동민(크리핵티브)	한빛미디어	2025년 10월	54,000
처음 배우는 명암·구도·배색 : 그리고 싶은 그림을 배우는 일러스트 기초	시마자키 조제, 고영자	영진닷컴	2025년 09월	18,000
헤드 퍼스트 소프트웨어 아키텍처	라주 간디, 마크 리처드, 닐 포드, 유동환, 최영수	한빛미디어	2025년 09월	33,300
밑바닥부터 시작하는 웹 브라우저	파벨 판체카, 크리스 해럴슨, 이형욱, 최병운	한빛미디어	2025년 09월	40,500
AI 3대 강국	박영선	나남출판사	2025년 09월	16,200
생성형 AI와 엔트리로 12가지 인공지능 작품 만들기 with 뤼튼, 캔바, 미리캔버스, 투닝, ChatGPT, 위스크, 수노	전진아, 김수연	앤써북	2025년 09월	18,900
미드저니와 ComfyUI로 완성하는, 게임 그래픽	양영민	비엘북스	2025년 08월	29,700
AI와 문화 기술	김돈정	커뮤니케이션북스	2025년 09월	12,000
초보자도 쉽게 배우는 엑셀 2024 길라잡이	김영주	정보문화사	2025년 09월	20,700
AI와 국악 창작 교육	권혜근, 정영선	커뮤니케이션북스	2025년 08월	12,000
데이터 리터러시를 높이는 데이터 시각화	네이선 야우, 한상택	인사이트(insight)	2025년 09월	29,700
프롬프트 엔지니어의 업무 가이드북	최영우	책과나무	2025년 08월	19,800
쓱 하고 싹 배우는 미리캔버스	김영미	영진닷컴	2025년 08월	12,600
정지훈의 양자 컴퓨터 강의	정지훈	한빛미디어	2025년 08월	21,600
된다! 하루 만에 만드는 AI 사진 & 이미지	김원석	이지스퍼블리싱	2025년 08월	16,020
Do it! 알고리즘 코딩 테스트 파이썬 편	김종관	이지스퍼블리싱	2025년 09월	31,500
라즈베리파이5로 구현하는 사물인터넷(IoT)과 인공지능(AI) 자율주행 자동차	이현, 김경연, 김명생	광문각	2025년 08월	26,000
돌꿈_컴기초꿈트리(윈도우11_AI 친구들)	KIE 기획연구실, 방컴(쌤과 아이들)	아카데미소프트	2025년 09월	12,600
데이터ㆍAI 시스템 아키텍트를 위한 실무 가이드	윤대희	위키북스	2025년 08월	37,800
챗GPT와 엑셀로 만드는 주식 & 암호화폐 자동매매 시스템	설근민	제이펍	2025년 08월	22,500
AI 영상×미드저니·런웨이·소라·클링·하이루오	안재홍	길벗	2025년 08월	23,400
그림으로 개념 잡는 네트워크 입문	C.I.K	앤써북	2025년 08월	15,930
LLM 상담과 심리 치료	강수정	커뮤니케이션북스	2025년 08월	12,000
딥러닝 제대로 이해하기	사이먼 J. D. 프린스, 고연이	제이펍	2025년 08월	34,200
챗GPT와 함께하는 주식 데이터 분석	이진규, 김동준	영진닷컴	2025년 08월	19,800
교사를 위한 실무 한글 _ 학교 업무 효율성 높이는 66제	한동규	앤써북	2025년 08월	15,930
챗GPT 공부 혁명	전지영, 백수현, 이효진, 장수영, 손소영	포르체	2025년 08월	20,700
AI와 미래 자율 제조	원홍인, 이상아, 윤종필, 이상목	커뮤니케이션북스	2025년 08월	12,000
Do it! 알고리즘 코딩 테스트 C++ 편	김종관	이지스퍼블리싱	2025년 08월	35,100
기업과 고객을 파괴하는 해킹과 사이버 보안의 모든 것	유진 스파포드, 리 메트칼프, 조사이어 다이크스트라, 김경곤, 장은경, 정보 더 보기/감추기, 유진 스파포드, 리 메트칼프, 조사이어 다이크스트라, 김경곤, 장은경, 박기성	책만	2025년 08월	29,700
AI와 디지털 헬스케어	임미가	커뮤니케이션북스	2025년 08월	12,000
만화로 쉽게 배우는 시계열 분석	다카하시 이치로, 권기태	성안당	2025년 07월	16,200
아는 만큼 보이는 생성형 AI	김주영	길벗	2025년 07월	19,800
가장 쉬운 독학 캔바 첫걸음	원정민, 조영진, 신명진, 이상수	동양북스(동양books)	2025년 07월	24,750
오늘부터 회사에서 AI 합니다	이활석, 업스테이지 AI 교육 부문	디지털북스	2025년 07월	19,800
쉽게 배우는 운영체제	조성호	한빛아카데미	2025년 07월	33,000
라이노 3D로 주얼리를 만들자	김현철	창조와지식	2025년 07월	23,400
AI 의인화	김보경, 김소연	커뮤니케이션북스	2025년 07월	12,000
구글 AI Gemini 그림 초등왕	코딩 코치스	BOOKK(부크크)	2025년 07월	15,800
인프라 엔지니어의 교과서	사노 유타카, 김성훈	길벗	2025년 07월	19,800
AI 융합 교육 교사	김귀훈	커뮤니케이션북스	2025년 07월	12,000
생성형 AI를 활용한 논문 작성법	김귀훈	홍릉	2025년 06월	29,000
마인크래프트 건축 가이드 마법 프로젝트	Mojang Studio, 강세중	영진닷컴	2025년 07월	12,600
파이썬으로 배우는 소프트웨어와 인공지능	조행래, 윤종희, 서영석, 박영덕	영남대학교출판부(知YU智)	2025년 06월	25,000
인공 인간	수잔 슈나이더, 이해윤, 김성묵	한울아카데미	2024년 05월	22,000
잘 통하는 보고서 작성의 비밀	임영균	한빛미디어	2025년 07월	18,000
AI 에디터 커서 Cursor 완벽 가이드	키노시타 유이치로, 김모세	영진닷컴	2025년 07월	19,800
따라 하며 배우는 유니티 게임 개발	아라카와 다쿠야, 아사노 유이치, 윤준	한빛미디어	2025년 06월	21,600
실무에서 SQL을 다루는 기술	마크 사이먼, 조은옥	한빛미디어	2025년 06월	29,700
디자인 경험을 바꾸는 UX/UI 디자인 with AI	유훈식	한빛미디어	2025년 06월	28,800
생성형 AI 업무 활용 정석 - 테스팅 업무 적용편	권원일	STA(소프트웨어테스팅연구소)	2025년 06월	27,000
버려지는 디자인 통과되는 디자인 - 편집 디자인	이미정, 유은진	길벗	2025년 07월	20,700
소플의 처음 만난 Next.js	이인제	한빛미디어	2025년 06월	35,100
크리에이터를 위한 ChatGPT 활용 대전	쿠니모토 치사토, 챗GPT 연구회	정보문화사	2025년 06월	18,000
AI와 사이버 보안	이승은	커뮤니케이션북스	2025년 06월	12,000
MOS 365 Word Associate	김경희, 오해강	시대인	2025년 06월	13,500
인공지능, 주식분석 좀 부탁해	곽경일	비제이퍼블릭(BJ퍼블릭)	2025년 07월	21,600
상상력을 작품으로 미리캔버스	김지혜, KIE 기획연구실	아카데미소프트	2025년 06월	12,600
생성형 AI 활용 백과사전	다쿠치 카즈히로, 모리시마 료코, 이시타니 마사키, 서수환	길벗	2025년 06월	21,600
깃허브 액션으로 구현하는 실전 CI/CD 설계와 운영	노무라 도모키, 김완섭	제이펍	2025년 07월	25,200
기후 위기와 인공지능	이천환	커뮤니케이션북스	2025년 06월	12,000
테디노트의 랭체인을 활용한 RAG 비법노트 [심화편]	이경록	리코멘드	2025년 06월	25,200
C# 교과서	박용준	길벗	2025년 06월	35,100
AI로 하루 만에 영상 만들기 with 런웨이	송태민, 서광민	한빛미디어	2025년 06월	18,000
코딩런 픽셀월드 대모험 피스켈&엔트리	코딩연구소	마린북스	2025년 05월	13,500
AI가 대체하는, 대체 못하는 노동	김관욱	커뮤니케이션북스	2025년 06월	12,000
LUVIT♥ 실전 백엔드 러스트 Axum 프로그래밍	윤인도	제이펍	2025년 06월	22,500
AI와 교육 연극 (큰글자책)	한귀은	커뮤니케이션북스	2025년 06월	25,000
입문자를 위한 맞춤형 AI 프로그램 만들기	다비드스튜디오	길벗	2025년 06월	25,200
좋아 보이는 것들의 비밀, 컬러	최경원	길벗	2025년 06월	26,100
회사에서 바로 쓰는 AI 치트키	이혜정, 윤재현, 엄혜경	애드앤미디어	2025년 06월	18,000
픽셀 아트 마스터 컬렉션	ZiMA, 나나미 유키, asaha, 아히루 히츠지, Zennyan, 정보 더 보기/감추기, ZiMA, 나나미 유키, asaha, 아히루 히츠지, Zennyan, m7kenji, 송지연	AK(에이케이 커뮤니케이션즈)	2025년 05월	24,220
탄탄한 기초를 위한 PLC 프로그래밍(XGB series)	김진태, 이현옥	예문사	2025년 05월	26,100
당근 하나로 매출 2배, 동네 1등 가게 만드는 실전 전략	서혜미	아티오	2025년 05월	15,300
AI를 활용한 법률문서 작성법	김종엽	(주)박영사	2025년 05월	27,000
열정민쌤의 챗GPT&AI 수업 실전서	원정민, 권혜영, 신명진, 이채연	한빛미디어	2025년 05월	18,000
네이버 스마트스토어 운영하기	서미진	한빛미디어	2025년 05월	18,900
AI와 게임 인문학 (큰글자책)	박주희	커뮤니케이션북스	2025년 04월	25,000
AI와 회계사	윤양인	커뮤니케이션북스	2025년 05월	12,000
AI 영상 제작 트렌드	진승현	커뮤니케이션북스	2025년 05월	12,000
혼자 만들면서 공부하는 딥러닝	박해선	한빛미디어	2025년 05월	25,200
AI와 정책 홍보의 변화	정휘관	커뮤니케이션북스	2025년 05월	12,000
Do it! 오토캐드 2026	박한울	이지스퍼블리싱	2025년 05월	26,550
LLM 엔지니어링	폴 이우수틴, 막심 라본, 조우철	한빛미디어	2025년 05월	34,200
AI 대전환 시대, 나는 리더	김기진, 황교석, 이재실, 최규철, 김택수, 정보 더 보기/감추기, 김기진, 황교석, 이재실, 최규철, 김택수, 마은경, 이소민, 채명석, 김대경, 최준오	에릭스토리	2025년 04월	15,300
AI 콘텐츠 트렌드	김민지	커뮤니케이션북스	2025년 04월	12,000
실리콘밸리에서 통하는 파이썬 인터뷰 가이드	런젠펑, 취안수쉐, 신준기	제이펍	2025년 05월	24,300
알고리즘으로 철학하기	변정수	이상북스	2025년 04월	23,400
AI와 미래 의사	임채영	커뮤니케이션북스	2025년 04월	12,000
AI와 미래 사회	손현주	커뮤니케이션북스	2025년 04월	12,000
처음부터 시작하는 Next.js / React 개발 입문	미요시 아키, 김모세	AK(에이케이 커뮤니케이션즈)	2025년 04월	33,440
예제로 배우는 C++ STL	빌 와인먼, 유동환	영진닷컴	2025년 04월	29,700
이게 되네? 챗GPT 미친 크롤링 24제	박현규	골든래빗	2025년 04월	23,400
씽크톡톡 엑셀 2021	도용화, 금미정	웰북	2025년 04월	9,000
인스타그램 마케팅으로 돈벌기	최영인	성안당	2025년 04월	22,500
AI와 반도체	최종수	커뮤니케이션북스	2025년 04월	12,000
할 수 있다! 스마트폰을 활용한 영상 촬영 편집 with 키네마스터	황점희	시대인	2025년 04월	10,800
어른을 위한 이것이 인공지능이다	김명락	슬로디미디어	2025년 04월	15,120
일러스트와 만화를 위한 포즈 노하우	마츠오카 신지, 고영자	영진닷컴	2025년 04월	18,000
AI, 공정과 편향	박규동, 김근혜	커뮤니케이션북스	2025년 03월	12,000
교사를 위한 생성형 AI 활용 수업	김종혜	생능북스	2025년 04월	14,400
CATIA(카티아) 쉽게 따라하기	정경애	구민사	2025년 04월	28,800
이토록 쉬운 IT 인프라 기초	장두환	루비페이퍼	2025년 04월	19,800
50개의 프로젝트로 완성하는 파이썬 업무 자동화	오토코더	위즈앤북	2025년 03월	19,800
우아한 C 언어 코딩 패턴	크리스토퍼 프레셰른, 정기훈	인사이트(insight)	2025년 04월	28,800
챗GPT 일타강사의 직장인 업무 만렙 공략집	이승필	한빛미디어	2025년 03월	21,600
요즘 우아한 AI 개발	우아한형제들	골든래빗	2025년 04월	21,600
AI 사고철학	이준헌, 조민호	더로드	2025년 03월	18,000
한 권으로 끝내는 미드저니	민자경	에듀웨이	2025년 04월	20,700
아이패드 디지털 캘리그라피 N잡러 되기	우연주	아티오	2025년 03월	17,550
숏폼 영상 편집 3일 만에 마스터하기 with 캡컷(Capcut)	김근아	아티오	2025년 03월	12,600
현업 기획자 마이즈가 알려주는 게임 시나리오 스쿨	김현석	초록비책공방	2025년 03월	23,400
THE 포토샵	김은혜	길벗	2025년 03월	23,400
인공지능의 몸들	심귀연	커뮤니케이션북스	2025년 02월	12,000
대체 불가능한 디자이너 되기	오완원	길벗	2025년 03월	19,800
이토록 쉬운 10가지 프로젝트로 끝내는 트랜스포머 활용 가이드 with 파이토치	프렘 팀시나, 임선집	루비페이퍼	2025년 02월	25,200
처음 시작하는 디지털 드로잉 with 스케치북	이은지	시대인	2025년 02월	17,100
트래픽을 쓸어 담는 SEO 마케팅	김건오, 양효원	e비즈북스	2025년 02월	23,400
AI를 활용한 숏폼영상 제작가이드	장세인	위메이크북	2025년 02월	18,000
NEW 우당탕탕 컴퓨터와 친해지기	놀이교육콘텐츠랩	마린북스	2025년 02월	12,600
막힘없이 PostgreSQL	임경석, 김철환, 박관규, 김규민	엑셈	2025년 01월	28,800
AI와 인문학의 주제들	정서현, 우동현, 김동우	커뮤니케이션북스	2025년 02월	12,000
한 시간 만에 게임 만들기	게임도칸, 김은철, 유세라	영진닷컴	2025년 01월	23,400
이것이 생성형 AI다	김명락	슬로디미디어	2025년 02월	15,120
대표 전략으로 입문하는 미국 주식 퀀트 투자	이용환	프리렉	2025년 02월	27,000
왕초보 맞춤형 랜선 사수 올이 엑셀	올이	한빛미디어	2025년 01월	18,900
트랜스포머로 시작하는 언어 모델과 생성형 인공지능	추형석	위즈앤북	2025년 01월	16,020
ChatGPT 마케팅	임헌수	이코노믹북스	2025년 01월	22,500
데이터 마이닝 개념과 기법 4/e	지아웨이 한, 지안 페이, 항항 통, 동준상	에이콘출판사	2025년 01월	49,500
스마트폰과 AI로 소통하는 새로운 세상	이종구, 이태훈, 어현경, 지영희	디지털콘텐츠그룹	2025년 01월	16,200
챗GPT와 함께 만드는 초등 수업 디자인 ++	박준원, 김지현, 김병남, 이홍락, 김한준, 정보 더 보기/감추기, 박준원, 김지현, 김병남, 이홍락, 김한준, 이종상, 박주현, 김은협, 김도현, 공민수, 이정진	앤써북	2025년 01월	15,930
스마트폰, 학교 수업에 들어오다!	박만재	다빈치books	2025년 01월	28,800
교실에서 바로 쓰는 챗GPT 교사 활용법	유수근	앤써북	2025년 01월	17,820
C 언어 마스터	문석재	한빛아카데미	2025년 01월	32,000
머신 러닝 마스터 클래스	민재식	인사이트(insight)	2025년 01월	22,500
AI, 너 내 마케터가 돼라!	오종현	e비즈북스	2025년 01월	16,200
시니어를 위한 스마트폰 활용 with 챗GPT	곽민철, 정희철	생능북스	2025년 01월	17,820
Vue 3와 타입스크립트로 배우는 프런트엔드 개발	WINGS 프로젝트, 사이토 신조, 손민옹, 야마다 요시히로	한빛미디어	2025년 01월	32,400
프리미어프로 비디오효과사전	코모사전	BOOKK(부크크)	2024년 11월	35,000
부모님을 위한 참 다정한 스마트폰 안내서	백준사	빚은책들	2025년 01월	19,800
이원철TV의 스마트폰 사용 설명서	이원철	시대인	2024년 12월	15,300
인공지능 법과 윤리	김명훈	길벗캠퍼스	2024년 12월	29,500
독학 파이썬	야마다 요시히로, 윤모린	정보문화사	2024년 12월	28,800
업무 효율이 10배 오르는 챗GPT X 엑셀 활용법	다케이 가즈미, 구수영	AK(에이케이 커뮤니케이션즈)	2024년 12월	18,810
캐릭터 일러스트 강좌 with 프로크리에이트	딥 블리자드, 신상재	ZZOM	2024년 12월	19,800
AI 고속도로	송경창	밝은사람들	2024년 11월	20,900
임종수의 STM32 Cortex-M 완벽 활용서 Vol.1	임종수	버무림	2024년 11월	38,700
데이터 과학 기반의 파이썬 빅데이터 분석	이지영	한빛아카데미	2024년 11월	31,000
Do it! 코드 없이 배우는 데이터 분석 with 오렌지3	권서림	이지스퍼블리싱	2024년 12월	16,920
어른들을 위한 가장 쉬운 워드&엑셀	혜지원 기획팀	혜지원	2024년 11월	13,500
AI로 이미지, 영상, 음악 한 번에 끝내기	이현	천그루숲	2024년 11월	16,200
데이터시각화를 하는 가장 쉬운 방법 by 구글 루커 스튜디오	천영훈	디지털북스	2024년 12월	18,000
디지털 일러스트 빛과 그림자 그리기 사전	조우노세, 김재훈	한스미디어	2024년 11월	22,500
코딩 없이 배우는 데이터 분석	황보현우, 한노아	성안북스	2024년 11월	31,500
처음 배우는 플러터 앱 개발	후지카와 케이, 이영란	생능북스	2024년 11월	18,000
현장 중심의 프로젝트 매니지먼트	하시모토 마사요시, 정인식	제이펍	2024년 11월	19,800
플러터와 Node.js로 시작하는 풀스택 개발	김진형	영진닷컴	2024년 11월	32,400
소플의 처음 만난 AWS	이인제	한빛미디어	2024년 11월	43,200
AI 영화 제작	민지영, 문수민, 전은재, 앤미디어	길벗	2024년 11월	24,300
미리캔버스로 완성하는 콘텐츠 디자인	이상권	시대인	2024년 10월	16,200
AI는 어떻게 예술이 되는가	라이언 오슬링, 박선주, 박승순, 안소정, 양나리, 정보 더 보기/감추기, 라이언 오슬링, 박선주, 박승순, 안소정, 양나리, 조영각, 권한슬, 구도형	스튜디오사월	2024년 10월	18,000
이것이 우분투 리눅스다	우재남, 박길식	한빛미디어	2024년 11월	32,400
머니코치 최준호의 네이버 3대장 마케팅	최준호	한빛미디어	2024년 10월	19,800
규칙으로 배우는 임베디드 시스템: CPU 이론 및 펌웨어 개발 규칙	장선웅	북랩	2024년 10월	18,000
규칙으로 배우는 임베디드 시스템: 회로 설계 및 PCB 설계 규칙	장선웅	북랩	2024년 10월	27,000
이토록 쉬운 챗GPT로 마케팅 데이터 분석하기	박경아	루비페이퍼	2024년 10월	19,800
핸즈온 그래프 인공신경망 with Python	Maxime Labonne, 김현우, 정지수, 윤성준, 박진영	홍릉	2024년 10월	35,000
난생처음 인공지능 입문	서지영	한빛아카데미	2024년 10월	27,000
임종수의 STM32 Cortex-M 완벽활용서 Vol. 2	임종수	버무림	2024년 10월	43,200
삼성에서 ERP로 먹고사는 컨설턴트가 알려주는 SAP	주호재, 서기준	생능북스	2024년 10월	20,700
한컴오피스 2024	윤관식	가나출판사	2024년 10월	20,700
FastAPI로 배우는 백엔드 프로그래밍 with 클린 아키텍처	한용재	제이펍	2024년 10월	22,500
인공지능이 다 해주는 브루 Vrew 영상 편집	지현이, 브루 개발팀	시프트	2024년 10월	18,000
1일 1단어 1분으로 끝내는 AI공부	최재운	글담	2024년 10월	15,300
정보보안 관제 및 운영 자동화 실무 가이드	최대수	에이콘출판사	2024년 09월	27,000
AI 에이전트와 사회 변화	이경전	커뮤니케이션북스	2024년 09월	11,400
테라폼으로 시작하는 IaC	김민수, 김재준, 이규석, 이유종	한빛미디어	2024년 09월	28,800
로블록스 코딩 마스터하기	마크 키프, 이진수	영진닷컴	2024년 09월	28,800
원큐패스 나는야 엔트리 게임 개발자	이영호, 최홍송	다락원	2024년 09월	15,300
챗GPT로 데이터 분석 가로채기	박경하	디지털북스	2024년 09월	15,300
챗GPT API를 활용한 챗봇 만들기	이승우	한빛미디어	2024년 08월	28,800
아케이드 게임 타이포그래피	오마가리 토시, 무로가 기요노리, 박희원	안그라픽스	2024년 08월	33,250
우리는 왜 게임을 하는가?	하얀쥐	골든래빗	2024년 09월	21,600
코드 밖 커뮤니케이션	재퀴 리드, 곽지원	한빛미디어	2024년 08월	21,600
AI 시대의 프로그래머	톰 타울리, 이일섭, 황은옥	한빛미디어	2024년 08월	20,700
블렌더로 애니 그림체 캐릭터를 만들어보자! : 모델링편	나츠모리 카츠, 김모세	AK(에이케이 커뮤니케이션즈)	2024년 08월	38,520
